step,time_s,tip_x,tip_y,tip_z,des_x,des_y,des_z,err_x,err_y,err_z,err_norm,q_platform_x,q_platform_y,q_platform_psi,fail_reason,fallback_applied,hold_active
1,0.0,0.17692286938072582,0.01000283167127025,0.24858416458402469,0.1770211643871914,0.010002371411802463,0.24858416458402444,9.829500646557632e-05,-4.6025946778653626e-07,-2.498001805406602e-16,9.829608402599453e-05,0.11989013749229153,6.662941524193758e-05,-0.0011603136852103276,none,False,False
2,0.02,0.17692656864406475,0.010006538193832865,0.24858416458402466,0.17702116438354548,0.010003306835152227,0.24858416458402444,9.459573948072952e-05,-3.2313586806383826e-06,-2.220446049250313e-16,9.465091445321058e-05,0.11989475333421733,6.507630967369153e-05,-0.0010680917239401086,none,False,False
3,0.04,0.17693193792353545,0.01001775010690786,0.24858416458402469,0.1770211641573457,0.01000979858922015,0.24858416458402444,8.922623381024675e-05,-7.951517687709506e-06,-2.498001805406602e-16,8.957983832034292e-05,0.1199016069772181,6.777653487018644e-05,-0.0009188452273211178,none,False,False
4,0.06,0.17693851024087318,0.010041013965472485,0.24858416458402455,0.17702116180842487,0.010027249192188784,0.24858416458402444,8.265156755168923e-05,-1.3764773283700404e-05,-1.1102230246251565e-16,8.37899194551655e-05,0.11991019083064332,7.951773370454182e-05,-0.0007167972519139052,none,False,False
5,0.08,0.17694591114753871,0.010081032732104622,0.24858416458402455,0.17702115011635905,0.010060894907521925,0.24858416458402444,7.523896882033476e-05,-2.0137824582697195e-05,-1.1102230246251565e-16,7.788731866016952e-05,0.11992007095493844,0.00010535369462825613,-0.00046809425528728443,none,False,False
6,0.1,0.1769538315855954,0.010142603788393288,0.24858416458402463,0.17702111077163357,0.010115807433395392,0.24858416458402444,6.727918603816052e-05,-2.6796354997896468e-05,-1.942890293094024e-16,7.241915157698759e-05,0.11993086318627366,0.00015052208032637938,-0.00018045125962911355,none,False,False
7,0.12000000000000001,0.17696200270265125,0.0102305663738507,0.24858416458402482,0.17702100672187596,0.010196895576993653,0.24858416458402444,5.900401922470655e-05,-3.3670796857046895e-05,-3.885780586188048e-16,6.79352400868508e-05,0.1199422118321353,0.00022036802350070106,0.00013726539764252017,none,False,False
8,0.14,0.17697017235548995,0.010349756686177094,0.2485841645840246,0.17702077286987083,0.010308906896936254,0.24858416458402444,5.060051438088298e-05,-4.084978924084014e-05,-1.6653345369377348e-16,6.503166410780985e-05,0.11995377043831186,0.00032027343181444866,0.00047548966411954256,none,False,False
9,0.16,0.1769780830638205,0.010504969276433568,0.24858416458402477,0.1770203053484684,0.010456429288700211,0.24858416458402444,4.222228464789701e-05,-4.853998773335713e-05,-3.3306690738754696e-16,6.43339080893e-05,0.11996518415720811,0.0004555921716014418,0.0008244148986692696,none,False,False
10,0.18,0.1769854512012864,0.01070092370781013,0.2485841645840246,0.17701944958627513,0.010643892478765021,0.24858416458402444,3.3998384988742636e-05,-5.703122904510832e-05,-1.6653345369377348e-16,6.639616907803016e-05,0.11997607328143739,0.000631591499437769,0.001174436032992124,none,False,False
11,0.19999999999999998,0.17699194723491174,0.010942235717351086,0.24858416458402469,0.177017987367226,0.010875569383765608,0.24858416458402444,2.6040132314247844e-05,-6.666633358547863e-05,-2.498001805406602e-16,7.157156226235286e-05,0.11998601754586548,0.0008534001939498022,0.0015165535126158596,none,False,False
12,0.21999999999999997,0.17699717684658645,0.011233392328845392,0.2485841645840247,0.17701562307684054,0.0111555772815788,0.24858416458402444,1.844623025409886e-05,-7.781504726659186e-05,-2.7755575615628914e-16,7.997152613079957e-05,0.11999454084673039,0.0011259638231051919,0.0018427216748336723,none,False,False
13,0.23999999999999996,0.17700066279159382,0.011578730516680987,0.2485841645840248,0.17701196931823887,0.0114878787323215,0.24858416458402444,1.1306526645049608e-05,-9.085178435948651e-05,-3.608224830031759e-16,9.155263112591496e-05,0.12000109607897137,0.0014540074832333767,0.0021461285768673895,none,False,False
14,0.25999999999999995,0.17700182737051934,0.011982419121000195,0.248584164584025,0.17700653207190797,0.011876282178987079,0.24858416458402444,4.704701388635879e-06,-0.00010613694201311655,-5.551115123125783e-16,0.0001062411628092045,0.12000504985265319,0.001842006185147749,0.0024213988482352164,none,False,False
15,0.27999999999999997,0.17699997541317894,0.012448443771182746,0.24858416458402502,0.17699869556485065,0.012324442150130302,0.24858416458402444,-1.2798483282894235e-06,-0.00012400162105244417,-5.828670879282072e-16,0.00012400822567627275,0.1200056669156249,0.002294162860336891,0.002664715679573518,none,False,False
16,0.3,0.17699427769737164,0.012980594595523537,0.248584164584025,0.17698770700719088,0.012835858980831664,0.24858416458402444,-6.570690180757177e-06,-0.00014473561469187206,-5.551115123125783e-16,0.00014488468562855617,0.12000209418056754,0.0028143937359282997,0.0028738623687159814,none,False,False
17,0.32,0.17698375475179873,0.013582456488036736,0.2485841645840246,0.17697266134762585,0.013413877963295332,0.24858416458402444,-1.1093404172879406e-05,-0.00016857852474140393,-1.6653345369377348e-16,0.0001689431342793515,0.11999334432774708,0.0034063205991605445,0.003048187744406745,none,False,False
18,0.34,0.17696726102146831,0.01425740167672139,0.24858416458402463,0.17695248619336668,0.014061687834997253,0.24858416458402444,-1.4774828101637993e-05,-0.0001957138417241367,-1.942890293094024e-16,0.0001962707400196305,0.11997827902690085,0.004073269256451776,0.0031885031331981037,none,False,False
19,0.36000000000000004,0.1769434694048478,0.015008584298926795,0.2485841645840246,0.17692592703544696,0.014782318510410487,0.24858416458402444,-1.7542369400824764e-05,-0.0002262657885163076,-1.6653345369377348e-16,0.00022694479896464125,0.11995559188934678,0.004818273302249748,0.0032969212178459786,none,False,False
20,0.38000000000000006,0.1769108562040253,0.015838936645562816,0.2485841645840246,0.17689153291653337,0.015578637962079929,0.24858416458402444,-1.9323287491934682e-05,-0.00026029868348288743,-1.6653345369377348e-16,0.00026101493072699954,0.11992379132142625,0.005644082159245607,0.003376649086835622,none,False,False
21,0.4000000000000001,0.17686768656101112,0.016751166692929795,0.24858416458402485,0.176847642675659,0.016453348158265116,0.24858416458402444,-2.0043885352122315e-05,-0.0002978185346646789,-4.163336342344337e-16,0.00029849227281426497,0.11988118350015131,0.0065531722417967,0.003431748964321584,none,False,False
22,0.4200000000000001,0.17681200048367596,0.01774775650385144,0.2485841645840246,0.1767923719026108,0.017408979967568034,0.24858416458402444,-1.9628581065161965e-05,-0.00033877653628340554,-1.6653345369377348e-16,0.000339344696040491,0.11982585572964428,0.007547760033102845,0.0034668805446379887,none,False,False
23,0.4400000000000001,0.1767415995924213,0.018830961052708154,0.2485841645840246,0.17672360073400306,0.0184478869459482,0.24858416458402444,-1.7998858418244446e-05,-0.00038307410675995565,-1.6653345369377348e-16,0.0003834967146851429,0.11975566046182357,0.008629815855498855,0.003487038576701213,none,False,False
24,0.46000000000000013,0.1766540347424056,0.020002807014752308,0.248584164584025,0.17663896262330653,0.019572237928324354,0.24858416458402444,-1.5072119099068804e-05,-0.0004305690864279538,-5.551115123125783e-16,0.0004308328062735465,0.11966820027698193,0.009801077151143225,0.003497298422299606,none,False,False
25,0.48000000000000015,0.1765465950289425,0.021265087992578285,0.24858416458402485,0.17653583421818958,0.020784008355582816,0.24858416458402444,-1.0760810752907801e-05,-0.0004810796369954691,-4.163336342344337e-16,0.00048119997109284223,0.11956081259231277,0.011063067505643653,0.0035023983468847873,none,False,False
26,0.5000000000000001,0.1764162973898521,0.02261936092049528,0.24858416458402477,0.17641132648035657,0.022084970278260944,0.24858416458402444,-4.970909495527476e-06,-0.0005343906422343343,-3.3306690738754696e-16,0.0005344137614703021,0.11943055568085688,0.012417112942406753,0.003506390416933737,none,False,False
27,0.5200000000000001,0.17625987708831659,0.0240669483242971,0.24858416458402463,0.17626227718549997,0.023476680990443182,0.24858416458402444,2.400097183385963e-06,-0.0005902673338539187,-1.942890293094024e-16,0.0005902722133740527,0.11927419971336921,0.01386434100806935,0.003512696175730072,none,False,False
28,0.5400000000000001,0.17607378070767998,0.025608935710157262,0.24858416458402469,0.17608524494385314,0.024960470261481144,0.24858416458402444,1.1464236173153175e-05,-0.0006484654486761179,-2.498001805406602e-16,0.0006485667790118091,0.11908822031970322,0.01540567499610168,0.003524162188392997,none,False,False
29,0.5600000000000002,0.175854161245387,0.02724616207054344,0.24858416458402469,0.17587650488494871,0.026537426149001335,0.24858416458402444,2.2343639561717143e-05,-0.000708735921542105,-2.498001805406602e-16,0.0007090880373500887,0.11886879288951854,0.017041828908757835,0.0035429818600718663,none,False,False
30,0.5800000000000002,0.17559687522342954,0.028979208400686213,0.24858416458402463,0.17563204615333816,0.02820837939425577,0.24858416458402444,3.517092990862336e-05,-0.0007708290064304436,-1.942890293094024e-16,0.0007716309684461752,0.11861178926249089,0.018773298350369283,0.0035706537429424303,none,False,False
31,0.6000000000000002,0.17529748199743642,0.030808384086866935,0.24858416458402469,0.17534757136497184,0.029973886420150482,0.24858416458402444,5.0089367535421925e-05,-0.0008344976667164529,-2.498001805406602e-16,0.0008359995816358418,0.11831277697745719,0.020600347266954495,0.0036079753801406813,none,False,False
32,0.6200000000000002,0.1749512454421971,0.03273371109583668,0.24858416458402458,0.1750184981764173,0.03183421097318622,0.24858416458402444,6.725273422020228e-05,-0.0008995001226504568,-1.3877787807814457e-16,0.0009020107543196367,0.11796702123083605,0.0225229906041152,0.00365507017741099,none,False,False
33,0.6400000000000002,0.17455313818544227,0.03475490596537091,0.24858416458402488,0.1746399631208255,0.03378930447297854,0.24858416458402444,8.682493538322844e-05,-0.0009656014923923734,-4.440892098500626e-16,0.0009694971952072273,0.1175694896765583,0.02454097310154766,0.003711443469710475,none,False,False
34,0.6600000000000003,0.17409784855438068,0.03687135966706123,0.24858416458402466,0.17420682786525066,0.03583878515688403,0.24858416458402444,0.0001089793108699777,-0.0010325745101772005,-2.220446049250313e-16,0.0010383094958948324,0.11711486018297967,0.02665374457372783,0.0037760628988656396,none,False,False
35,0.6800000000000003,0.17357979039093835,0.03908211548193059,0.24858416458402488,0.17371368804328235,0.03798191613241301,0.24858416458402444,0.00013389765234400608,-0.0011001993495175846,-4.440892098500626e-16,0.0011083172785724099,0.11659753164695041,0.02886043213896185,0.0038474574640793373,none,False,False
36,0.7000000000000003,0.1729931158818745,0.041385845095533,0.24858416458402477,0.17315488481464483,0.04021758247639842,0.24858416458402444,0.00016176893277033977,-0.0011682626191345802,-3.3306690738754696e-16,0.0011794094856651118,0.11601163795136361,0.031159809950599002,0.003923829160727041,none,False,False
37,0.7200000000000003,0.17233173153884468,0.04378082318041948,0.24858416458402466,0.1725245192991495,0.04254426754712687,0.24858416458402444,0.00019278776030481892,-0.001236555633292613,-2.220446049250313e-16,0.0012514938892184187,0.11535106513994868,0.03355026705338298,0.004003170982992919,none,False,False
38,0.7400000000000003,0.1715893174509186,0.0462649007890207,0.24858416458402485,0.1718164700258344,0.0449600287035968,0.24858416458402444,0.00022715257491578988,-0.0013048720854239027,-4.163336342344337e-16,0.0013244959235910838,0.11460947187158398,0.03602977403426542,0.004083385219255787,none,False,False
39,0.7600000000000003,0.17075934991778485,0.04883547792825728,0.2485841645840248,0.1710244135289909,0.04746247265449523,0.24858416458402444,0.00026506361120604005,-0.0013730052737620513,-3.608224830031759e-16,0.0013983569643563807,0.11378031320566952,0.038595849161054324,0.004162396391615644,none,False,False
40,0.7800000000000004,0.16983512755572155,0.05148947572797472,0.2485841645840245,0.1701418482107756,0.0500487306880799,0.24858416458402444,0.0003067206550540491,-0.0014407450398948238,-5.551115123125783e-17,0.0014730321891317658,0.11285686775974205,0.04124552470541514,0.004238253848522272,none,False,False
41,0.8000000000000004,0.168809800950127,0.05422330864827701,0.24858416458402455,0.1691621215749663,0.05271543406258453,0.24858416458402444,0.0003523206248393085,-0.00150787458569248,-1.1102230246251565e-16,0.0015484881623262184,0.11183226827006595,0.04397531413113792,0.004309219869467384,none,False,False
42,0.8200000000000004,0.16767640590782498,0.05703285719597699,0.24858416458402488,0.168078460917913,0.05545868986465751,0.24858416458402444,0.000402055010088026,-0.0015741673313194801,-4.440892098500626e-16,0.0016247002856312842,0.11069953557483787,0.04678118079703195,0.004373840133495507,none,False,False
43,0.8400000000000004,0.16642790033926375,0.0599134416378386,0.2485841645840246,0.16688400754065735,0.05827405767028052,0.24858416458402444,0.0004561072013936074,-0.0016393839675580765,-1.6653345369377348e-16,0.0017016502496839852,0.10945161602724673,0.049658508779602074,0.004430994484342264,none,False,False
44,0.8600000000000004,0.1650572047749702,0.06285979720842921,0.2485841645840249,0.16557185452039114,0.06115652736814731,0.24858416458402444,0.0005146497454209253,-0.0017032698402819,-4.718447854656915e-16,0.001779323610048423,0.10808142233121092,0.0526020763674172,0.004479927037376319,none,False,False
45,0.8800000000000004,0.1635572464920252,0.06586605131378984,0.2485841645840246,0.16413508804979887,0.06410049852911673,0.24858416458402444,0.000577841557773684,-0.0017655527846731078,-1.6653345369377348e-16,0.0018577075930719784,0.10658187777538372,0.05560603272055687,0.004520255760644191,none,False,False
46,0.9000000000000005,0.16192100719471186,0.06892570322937888,0.24858416458402463,0.16256683231933522,0.06709976172657628,0.24858416458402444,0.000645825124623356,-0.0018259415028026027,-1.942890293094024e-16,0.0019367892149771489,0.10494596382019887,0.05866387812839924,0.004551962670929542,none,False,False
47,0.9200000000000005,0.1601415741587563,0.07203160678267038,0.24858416458402463,0.16086029788015546,0.07014748223080741,0.24858416458402444,0.0007187237213991671,-0.001884124551862973,-1.942890293094024e-16,0.0020165537718183258,0.10316677096757944,0.061768448240711295,0.004575366668732641,none,False,False
48,0.9400000000000005,0.15821219471055104,0.07517595649811218,0.24858416458402458,0.15900883338434807,0.07323618651516628,0.24858416458402444,0.0007966386737970343,-0.0019397699829458992,-1.3877787807814457e-16,0.0020969837298670277,0.10123755281283135,0.06491190259347335,0.004591081754999715,none,False,False
49,0.9600000000000005,0.15612633387140495,0.07835027766567751,0.24858416458402482,0.15700598055449455,0.0763577520225004,0.24858416458402444,0.0008796466830895966,-0.001992525643177104,-3.885780586188048e-16,0.002178058017085142,0.09915178314274249,0.06808571770444187,0.004599963899489833,none,False,False
50,0.9800000000000005,0.15387773495216484,0.08154542077462762,0.2485841645840247,0.1548455321866798,0.07950340064612689,0.24858416458402444,0.0009677972345149555,-0.0020420201285007294,-2.7755575615628914e-16,0.002259751688203138,0.09690321590277727,0.0712806849757042,0.00460305015000596,none,False,False
51,1.0000000000000004,0.1514604828356123,0.08475156073192346,0.2485841645840249,0.15252159294025736,0.08266369638032159,0.24858416458402444,0.0010611101046450466,-0.0020878643516018675,-4.718447854656915e-16,0.0023420359102434164,0.0944859478095392,0.0744869136121487,0.004601493679893445,none,False,False
52,1.0200000000000005,0.14886906963307484,0.08795820126032873,0.2485841645840246,0.1500286426144012,0.08582854759005305,0.24858416458402444,0.0011595729813263511,-0.0021296536702756774,-1.6653345369377348e-16,0.0024248781937121597,0.09189448333268957,0.07769383874575045,0.00459649837684503,none,False,False
53,1.0400000000000005,0.1460984745075618,0.09115415967887086,0.24858416458402496,0.1473616015563051,0.08898721433810965,0.24858416458402444,0.00126312704874329,-0.0021669453407612144,-5.273559366969494e-16,0.002508214913262751,0.08912380265046699,0.08089027207684144,0.004588162867573564,none,False,False
54,1.0600000000000005,0.14314423446546476,0.09432759156244187,0.24858416458402494,0.14451589778948398,0.09212832118933469,0.24858416458402444,0.0013716633240192233,-0.002199270373107187,-4.996003610813204e-16,0.0025919588053220466,0.08616943387888523,0.08406441856135566,0.0045756204498203015,none,False,False
55,1.0800000000000005,0.14000249448251967,0.09746604982104376,0.2485841645840249,0.141487535393733,0.09523987588597901,0.24858416458402444,0.00148504091121332,-0.002226173935064746,-4.718447854656915e-16,0.0026760412734371164,0.0830275137330473,0.0872038770234347,0.004558065287092157,none,False,False
56,1.1000000000000005,0.13667007723764368,0.10055651201026393,0.2485841645840248,0.13827316361176206,0.09830929425486369,0.24858416458402444,0.0016030863741183787,-0.002247217755400238,-3.608224830031759e-16,0.0027604118466399347,0.07969485881321892,0.09029565885763541,0.004534903502557603,none,False,False
57,1.1200000000000006,0.13314455557797927,0.10358540955929099,0.2485841645840246,0.13487014610226483,0.10132343166586523,0.24858416458402444,0.0017255905242855585,-0.0022619778934257623,-1.6653345369377348e-16,0.0028450319238720254,0.07616903823223835,0.09332621635924315,0.004505768937178087,none,False,False
58,1.1400000000000006,0.1294243241306529,0.10653866472435661,0.24858416458402455,0.13127662970621506,0.10426862131204656,0.24858416458402444,0.001852305575562152,-0.0022700434123100466,-1.1102230246251565e-16,0.002929869116365247,0.07244844528534504,0.09628147935333332,0.004470528841990032,none,False,False
59,1.1600000000000006,0.12550866934908006,0.10940173543978937,0.24858416458402469,0.1274916120435643,0.10713071952454659,0.24858416458402444,0.0019829426944842354,-0.0022710159152427856,-2.498001805406602e-16,0.0030148922065132656,0.06853236745103423,0.09914690028979953,0.0044292795913379165,none,False,False
60,1.1800000000000006,0.12139783723829212,0.11215966816721631,0.24858416458402463,0.12351500721237119,0.10989515827021523,0.24858416458402444,0.0021171699740790695,-0.0022645098970010824,-1.942890293094024e-16,0.0031000667368232286,0.06442105397320128,0.1019075078732296,0.004382332972928076,none,False,False
61,1.2000000000000006,0.1170930979663131,0.11479715876335062,0.2485841645840249,0.11934770882285681,0.11254700490721763,0.24858416458402444,0.002254610856543701,-0.0022501538561329887,-4.718447854656915e-16,0.0031853512350626077,0.060115780242015755,0.10454796919172166,0.004330194044513176,none,False,False
62,1.2200000000000006,0.11259680653831264,0.11729862129887522,0.248584164584025,0.11499164956612165,0.11507102919384242,0.24858416458402444,0.0023948430278090127,-0.0022275921050328024,-5.551115123125783e-16,0.0032706940722497897,0.05561890816466564,0.1070526601993454,0.0042735319239183105,none,False,False
63,1.2400000000000007,0.10791245868830474,0.11964826466602504,0.2485841645840246,0.11044985649241254,0.11745177745913936,0.24858416458402444,0.002537397804107805,-0.002196487206885686,-1.6653345369377348e-16,0.0033560309394139367,0.05093394169831034,0.10940574429496117,0.004213145179499341,none,False,False
64,1.2600000000000007,0.10304474113067622,0.12183017671179233,0.2485841645840248,0.1057265011580155,0.1196736537515317,0.24858416458402444,0.002681760027339289,-0.002156522960260629,-3.608224830031759e-16,0.0034412829180940777,0.04606557670722131,0.11159125862756028,0.00414992369612038,none,False,False
65,1.2800000000000007,0.09799957531181469,0.12382841552852741,0.24858416458402502,0.10082694379411315,0.12172100768414561,0.24858416458402444,0.002827368482298462,-0.002107407844381806,-5.828670879282072e-16,0.003526355109352528,0.04101974430507531,0.11359320764719241,0.004084808996196688,none,False,False
66,1.3000000000000007,0.09278415381147023,0.12562710742572009,0.2485841645840246,0.09575777065624967,0.1235782285943743,0.24858416458402444,0.002973616844779439,-0.002048878831345788,-1.6653345369377348e-16,0.0036111357777149434,0.03580364685255897,0.11539566331278074,0.004018754990713321,none,False,False
67,1.3200000000000007,0.08740696856501051,0.12721055099755935,0.2485841645840246,0.09052682373024507,0.12522984553142047,0.24858416458402444,0.003119855165234553,-0.0019807054661388768,-1.6653345369377348e-16,0.0036954959607112476,0.03042578580064062,0.11698287126537095,0.003952691022044186,none,False,False
68,1.3400000000000007,0.08187783011200378,0.12856332659237155,0.2485841645840248,0.0851432220001883,0.12666063248066667,0.24858416458402444,0.0032653918881845184,-0.001902694111704878,-3.608224830031759e-16,0.0037792894922376173,0.024895980601782233,0.11833936217903385,0.0038874888459504466,none,False,False
69,1.3600000000000008,0.07620787712405759,0.12967041038404536,0.24858416458402469,0.07961737352706096,0.12785571812926855,0.24858416458402444,0.0034094964030033648,-0.0018146922547768174,-2.498001805406602e-16,0.003862353389015543,0.019225377955608997,0.11945006741286847,0.003823934897689934,none,False,False
70,1.3800000000000008,0.07040958027885183,0.1305172892774325,0.2485841645840249,0.0739609776429363,0.12880069937503807,0.24858416458402444,0.0035513973640844687,-0.0017165899023944275,-4.718447854656915e-16,0.003944503027078142,0.013426450839560664,0.12030046094199905,0.003762256025118028,none,False,False
71,1.4000000000000008,0.06449673988051241,0.1310900849490935,0.2485841645840248,0.06818701663568774,0.12948175768225811,0.24858416458402444,0.0036902767551753313,-0.0016083272668353799,-3.608224830031759e-16,0.004025525944151091,0.007512989154323385,0.12087672237321874,0.003701435556005478,none,False,False
72,1.4200000000000008,0.05848445609640302,0.13137569158579374,0.24858416458402477,0.06230973638260957,0.1298857772953912,0.24858416458402444,0.003825280286206545,-0.0014899142904025442,-3.3306690738754696e-16,0.00410519352293971,0.0015000768928004643,0.12116583611616301,0.0036398901705545195,none,False,False
73,1.4400000000000008,0.05238907982800787,0.13136189668568227,0.24858416458402488,0.056344615487936636,0.13000046423659245,0.24858416458402444,0.0039555356599287675,-0.0013614324490898166,-4.440892098500626e-16,0.0041832715272144124,-0.00459594891993426,0.1211556671895885,0.003576259524381559,none,False,False
74,1.4600000000000009,0.04622816606870482,0.13103749738568768,0.2485841645840247,0.050308322588313054,0.12981446493738624,0.24858416458402444,0.004080156519608233,-0.0012230324483014365,-2.7755575615628914e-16,0.0042595170611349565,-0.010757544121571304,0.12083507335800792,0.003509479779897811,none,False,False
75,1.4800000000000009,0.04002041468353543,0.13039241520211392,0.24858416458402463,0.044218661610889165,0.12931748329065365,0.24858416458402444,0.004198246927353738,-0.0010749319114602696,-1.942890293094024e-16,0.004333676946579051,-0.01696601608046602,0.12019401676361385,0.0034388381451181814,none,False,False
76,1.5000000000000009,0.033785598537546396,0.1294178079536166,0.248584164584025,0.03809450489975582,0.12850039485796239,0.24858416458402444,0.004308906362209423,-0.0009174130956542126,-5.551115123125783e-16,0.004405487581002436,-0.023201595241655815,0.11922367399813082,0.0033640053400809033,none,False,False
77,1.520000000000001,0.02754447904744891,0.12810617760405146,0.24858416458402458,0.031955714266387505,0.12735535693088285,0.24858416458402444,0.004411235218938596,-0.0007508206731686173,-1.3877787807814457e-16,0.00447467628327029,-0.029443519495119832,0.11791654345738475,0.003285044142914054,none,False,False
78,1.540000000000001,0.021318709387603094,0.1264514727417133,0.24858416458402488,0.025823050166963832,0.12587591312474758,0.24858416458402444,0.004504340779360738,-0.0005755596169657318,-4.440892098500626e-16,0.004540964074873731,-0.035670131139577996,0.11626654872146407,0.003202393554372,none,False,False
79,1.560000000000001,0.015130725743808903,0.12444918440222127,0.24858416458402463,0.019718069361936076,0.12405709118059051,0.24858416458402444,0.004587343618127173,-0.00039209322163076543,-1.942890293094024e-16,0.004604069782835714,-0.041858986037296174,0.11426913661071737,0.0031168295838933224,none,False,False
80,1.580000000000001,0.009003627174798873,0.12209643394587472,0.24858416458402469,0.013663011568817843,0.12189549266676863,0.24858416458402444,0.004659384394018969,-0.00020094127910608162,-2.498001805406602e-16,0.004663715292433309,-0.0479869743738261,0.11192136848875887,0.0030294051113786014,none,False,False
81,1.600000000000001,0.0029610448091287357,0.1193920517179704,0.248584164584025,0.007680675775595537,0.11938937330676702,0.24858416458402444,0.004719630966466801,-2.6784112033828578e-06,-5.551115123125783e-16,0.004719631726471773,-0.054030452255040676,0.10922200332499324,0.0029413726186187207,none,False,False
82,1.620000000000001,-0.002972998728525352,0.1163366452537806,0.248584164584025,0.001794287036865995,0.11653871271434633,0.24858416458402444,0.004767285765391347,0.00020206746056573854,-5.551115123125783e-16,0.004771566286610975,-0.05996538319614933,0.10617157099801397,0.0028540947133457928,none,False,False
83,1.640000000000001,-0.008774238605886617,0.1129326558401923,0.24858416458402469,-0.003972645274755757,0.11334527239160931,0.24858416458402444,0.00480159333113086,0.0004126165514170138,-2.498001805406602e-16,0.00481928946381763,-0.06576748838759404,0.10277243432436683,0.002768948195187941,none,False,False
84,1.660000000000001,-0.014418324576637883,0.1091844023149898,0.24858416458402469,-0.009596476645906696,0.10981264093946823,0.24858416458402444,0.004821847930731187,0.0006282386244784305,-2.498001805406602e-16,0.004862602311148135,-0.071412404464741,0.09902883834053441,0.0026872278604614147,none,False,False
85,1.680000000000001,-0.019880983926226635,0.10509811107393925,0.2485841645840246,-0.015053582778422683,0.10594626554276218,0.24858416458402444,0.004827401147803952,0.0008481544688229287,-1.6653345369377348e-16,0.004901343473457376,-0.0768758473657351,0.09494694545404493,0.002610056260650327,none,False,False
86,1.700000000000001,-0.025138189088290016,0.10068193136652642,0.24858416458402494,-0.020320519752164992,0.1017534689228842,0.24858416458402444,0.004817669336125024,0.0010715375563577767,-4.996003610813204e-16,0.004935395684940016,-0.08213378073799839,0.09053485521472712,0.0025383051988581962,none,False,False
87,1.720000000000001,-0.030166328338375785,0.09594593509425473,0.24858416458402466,-0.025374187515763008,0.0972434510978558,0.24858416458402444,0.004792140822612777,0.0012975160036010763,-2.220446049250313e-16,0.004964691475142516,-0.08716258725130463,0.08580260763916847,0.0024725338881368035,none,False,False
88,1.740000000000001,-0.03494237787983239,0.09090210048113678,0.24858416458402494,-0.030191995136089264,0.0924272754515816,0.24858416458402444,0.004750382743743127,0.001525174970444812,-4.996003610813204e-16,0.004989217864808452,-0.09193924109619768,0.08076216924736224,0.0024129474631416482,none,False,False
89,1.7600000000000011,-0.03944407356711586,0.08556427916375461,0.24858416458402482,-0.03475202616609653,0.08731783878845294,0.24858416458402444,0.004692047401019327,0.0017535596246983226,-3.885780586188048e-16,0.005009019881252653,-0.09644147989210572,0.07542740123439542,0.0023593780262400475,none,False,False
90,1.7800000000000011,-0.043650080466259164,0.07994814644647631,0.2485841645840248,-0.03903320244032629,0.08192982523414119,0.24858416458402444,0.004616878025932872,0.0019816787876648784,-3.608224830031759e-16,0.0050242027749507435,-0.1006479742005208,0.06981400949316115,0.0023112887446331996,none,False,False
91,1.8000000000000012,-0.047540158432210544,0.07407113468326557,0.24858416458402494,-0.0430154445794282,0.0762796440356789,0.24858416458402444,0.004524713852782344,0.002208509352413332,-4.996003610813204e-16,0.005034932870382445,-0.1045384928351066,0.06393947651560342,0.0022677998381408237,none,False,False
92,1.8200000000000012,-0.0510953243982637,0.06795234418421384,0.24858416458402496,-0.04667982748056802,0.07038535151085765,0.24858416458402444,0.004415496917695674,0.00243300732664381,-5.273559366969494e-16,0.005041442024032654,-0.10809407017636957,0.05782300058980585,0.002227192249771618,none,False,False
93,1.8400000000000012,-0.054298011878387405,0.06161244976622068,0.24858416458402477,-0.05000872909037182,0.06426655759552286,0.24858416458402444,0.004289282788015582,0.0026541078293021783,-3.3306690738754696e-16,0.005044029659422101,-0.11129716767800217,0.05148541367158949,0.002186709052369245,none,False,False
94,1.8600000000000012,-0.057132212987557926,0.05507360085408811,0.24858416458402463,-0.05298597080137872,0.05794431763432934,0.24858416458402444,0.004146242186179205,0.002870716780241228,-1.942890293094024e-16,0.005043048591755851,-0.11413180828767715,0.044949038762157174,0.002143305020731752,none,False,False
95,1.8800000000000012,-0.05958360398110069,0.04835929236649124,0.248584164584025,-0.05559694788172649,0.05144101025268874,0.24858416458402444,0.0039866560993742015,0.003081717886197502,-5.551115123125783e-16,0.005038889955613947,-0.11658369637893369,0.03823752925084631,0.0020942000390913153,none,False,False
96,1.9000000000000012,-0.0616396630341637,0.041494215340926274,0.24858416458402463,-0.057828748440381356,0.04478020233178571,0.24858416458402444,0.0038109145937823413,0.003285986990859434,-1.942890293094024e-16,0.0050319758092821415,-0.11864033408535203,0.031375711417669636,0.0020370216081989144,none,False,False
97,1.9200000000000013,-0.06328977428571239,0.034504095842832615,0.24858416458402463,-0.05967025954562358,0.03798650228149464,0.24858416458402444,0.003619514740088814,0.0034824064386620238,-1.942890293094024e-16,0.005022752388656533,-0.12029112422119304,0.02438941703114447,0.001969915577376596,none,False,False
98,1.9400000000000013,-0.06452531693040367,0.027415523798247788,0.24858416458402463,-0.061112259251231774,0.031085402964803645,0.24858416458402444,0.0034130576791718964,0.003669879166555857,-1.942890293094024e-16,0.00501168393042448,-0.12152745864307106,0.017305308068615136,0.0018916182903609864,none,False,False
99,1.9600000000000013,-0.06533973831305556,0.020255773549543783,0.248584164584025,-0.06214749344098329,0.02410311576915542,0.24858416458402444,0.0031922448720722724,0.003847342219611638,-5.551115123125783e-16,0.004999246891090489,-0.12234279104626072,0.010150695567353247,0.0018014864772682335,none,False,False
100,1.9800000000000013,-0.06572908415726852,0.01305260926982316,0.2485841645840248,-0.06277073657543131,0.01706639744241671,0.24858416458402444,0.0029583475818372174,0.004013788172593551,-3.608224830031759e-16,0.004986212581650926,-0.12273316636284563,0.0029533402947674535,0.0016995804494929737,none,False,False
101,2.0000000000000013,-0.06569297993032934,0.005834074274966126,0.24858416458402469,-0.0629788356128086,0.010002371411801998,0.24858416458402444,0.0027141443175207336,0.004168297136835872,-2.498001805406602e-16,0.004974060755286793,-0.12269820364705092,-0.004258749459611238,0.0015865152848683866,none,False,False
102,2.0200000000000014,-0.0652328660287508,-0.0013716613524305775,0.2485841645840246,-0.06277073657543124,0.002938345381187182,0.24858416458402444,0.002462129453319556,0.004310006733617759,-1.6653345369377348e-16,0.004963692122677844,-0.12223933648372169,-0.011457440856130454,0.0014629449630736708,none,False,False
103,2.0400000000000014,-0.06435017804154104,-0.00853644464766168,0.2485841645840248,-0.062147493440983165,-0.004098372945551522,0.24858416458402444,0.0022026846005578776,0.004438071702110158,-3.608224830031759e-16,0.004954624090948351,-0.12135799063860402,-0.018614635200974144,0.0013298221617351706,none,False,False
104,2.0600000000000014,-0.06304635214943693,-0.015632335727739283,0.24858416458402496,-0.06111225925123162,-0.011080660141199527,0.24858416458402444,0.001934092898205314,0.004551675586539756,-5.273559366969494e-16,0.004945550119449834,-0.12005558176557797,-0.025702507548757164,0.0011891636755004536,none,False,False
105,2.0800000000000014,-0.06132481749720692,-0.022631862847401332,0.24858416458402482,-0.059670259545623355,-0.017981759457890614,0.24858416458402444,0.0016545579515835629,0.004650103389510718,-3.885780586188048e-16,0.004935688761286257,-0.1183355103912194,-0.032693747247219615,0.0010437957257159265,none,False,False
106,2.1000000000000014,-0.05919348827682139,-0.029508285177641154,0.24858416458402494,-0.057828748440381064,-0.02477545950818167,0.24858416458402444,0.0013647398364403235,0.004732825669459484,-4.996003610813204e-16,0.004925662761361335,-0.11620566889499892,-0.039561736480105705,0.0008958763288665863,none,False,False
107,2.1200000000000014,-0.05666362209894119,-0.03623571922968657,0.24858416458402488,-0.055596947881726186,-0.03143626742908463,0.24858416458402444,0.0010666742172150065,0.004799451800601935,-4.440892098500626e-16,0.004916556871630024,-0.11367730203980442,-0.04628066430328122,0.0007466780888855126,none,False,False
108,2.1400000000000015,-0.05374827074749351,-0.04278924562955008,0.24858416458402466,-0.052985970801378277,-0.037939574810725414,0.24858416458402444,0.0007622999461152358,0.004849670818824668,-2.220446049250313e-16,0.004909216664479866,-0.11076345243953643,-0.05282566324511756,0.000597111428493705,none,False,False
109,2.1600000000000015,-0.05046219986971038,-0.049145068485714725,0.2485841645840247,-0.05000872909037145,-0.044261814771918664,0.24858416458402444,0.00045347077933893115,0.004883253713796061,-2.7755575615628914e-16,0.004904263714464923,-0.10747887991224274,-0.05917297050249854,0.0004477567018700496,none,False,False
110,2.1800000000000015,-0.046821791782063686,-0.05528066407827214,0.2485841645840249,-0.04667982748056758,-0.050380608687253484,0.24858416458402444,0.00014196430149610723,0.004900055391018655,-4.718447854656915e-16,0.004902111453032282,-0.10383996379922449,-0.06530007931830405,0.0002989113868998537,none,False,False
111,2.2000000000000015,-0.042844932860847035,-0.061174917514495844,0.2485841645840249,-0.0430154445794276,-0.0562749012120749,0.24858416458402444,-0.00017051171858056824,0.0049000163024209425,-4.718447854656915e-16,0.0049029821547874625,-0.09986458976217158,-0.07118587894614475,0.00015064815797041726,none,False,False
112,2.2200000000000015,-0.03855088715726191,-0.06680824613237824,0.24858416458402458,-0.039033202440325696,-0.061925082410537055,0.24858416458402444,-0.00048231528306378474,0.00488316372184118,-1.3877787807814457e-16,0.004906925306806973,-0.09557202274730132,-0.0768107817085744,2.87900882261885e-06,none,False,False
113,2.2400000000000015,-0.03396015801418876,-0.0721627085828987,0.24858416458402469,-0.03475202616609603,-0.06731309596484861,0.24858416458402444,-0.0007918681519072726,0.0048496126180500865,-2.498001805406602e-16,0.004913837371663378,-0.09098276794360546,-0.08215683579683428,-0.00014457953363218484,none,False,False
114,2.2600000000000016,-0.029094339226692342,-0.07722209853156552,0.24858416458402466,-0.03019199513608871,-0.07242253262797728,0.24858416458402444,-0.0010976559093963667,0.004799565903588238,-2.220446049250313e-16,0.004923482645274536,-0.08611842119935571,-0.08720782319759249,-0.00029193230210287755,none,False,False
115,2.2800000000000016,-0.023975958083228208,-0.0819720223441073,0.2485841645840248,-0.02537418751576237,-0.07723870827425149,0.24858416458402444,-0.001398229432534162,0.004733314069855818,-3.608224830031759e-16,0.004935514930572073,-0.0810015100711851,-0.09194934875951286,-0.00043920591122655,none,False,False
116,2.3000000000000016,-0.01862831590695697,-0.08639996423427215,0.248584164584025,-0.020320519752164395,-0.08174872609927977,0.24858416458402444,-0.0016922038452074246,0.00465123813499238,-5.551115123125783e-16,0.004949501999407838,-0.07565533325970053,-0.09636891171034011,-0.0005861370916658952,none,False,False
117,2.3200000000000016,-0.013075324763331507,-0.09049533308494942,0.24858416458402485,-0.015053582778422031,-0.08594152271915774,0.24858416458402444,-0.0019782580150905244,0.00455381036579168,-4.163336342344337e-16,0.004964946487310982,-0.07010379796285159,-0.10045594885217725,-0.0007322363067941706,none,False,False
118,2.3400000000000016,-0.007341335314288608,-0.09424948909317984,0.24858416458402502,-0.009596476645905835,-0.08980789811586387,0.24858416458402444,-0.002255141331617227,0.004441590977315973,-5.828670879282072e-16,0.004981304330729351,-0.06437124815947194,-0.10420185880101862,-0.0008768299602809226,none,False,False
119,2.3600000000000017,-0.001450965082096651,-0.09765575332146009,0.24858416458402463,-0.0039726452747550975,-0.09334052956800477,0.24858416458402444,-0.0025216801926584466,0.004315223753455319,-1.942890293094024e-16,0.00499800230456439,-0.05848229341835772,-0.10760000845356046,-0.001019114502176359,none,False,False
120,2.3800000000000017,0.004571071096715401,-0.10070940051914291,0.24858416458402466,0.0017942870368665362,-0.09653396989074169,0.24858416458402444,-0.0027767840598488646,0.004175430628401228,-2.220446049250313e-16,0.005014454172452054,-0.052461639961396994,-0.11064572233823691,-0.0011582172910226945,none,False,False
121,2.4000000000000017,0.010700126739797923,-0.10340763579876207,0.24858416458402463,0.007680675775596467,-0.09938463048316251,0.24858416458402444,-0.0030194509642014564,0.0040230053155995565,-1.942890293094024e-16,0.005030075138062988,-0.046333925616450986,-0.11333625573082651,-0.0012932590295153983,none,False,False
122,2.4200000000000017,0.01691178393428779,-0.1057495559539251,0.24858416458402455,0.013663011568818537,-0.101890749843164,0.24858416458402444,-0.0032487723654692525,0.003858806110761101,-1.1102230246251565e-16,0.005044294448491671,-0.04012356018806978,-0.11567075259419896,-0.0014234129885841128,none,False,False
123,2.4400000000000017,0.02318200665170831,-0.10773609638310683,0.24858416458402485,0.01971806936193706,-0.1040523483569859,0.24858416458402444,-0.003463937289771249,0.0036837480261209254,-4.163336342344337e-16,0.005056566133990299,-0.033854572653796974,-0.11765018953666982,-0.0015479569865874698,none,False,False
124,2.4600000000000017,0.029487285856620457,-0.10936996473381519,0.24858416458402485,0.025823050166964418,-0.10587117030114282,0.24858416458402444,-0.003664235689656039,0.0034987944326723697,-4.163336342344337e-16,0.005066377963737826,-0.027550466462617273,-0.11927730707674478,-0.0016663150874734573,none,False,False
125,2.4800000000000018,0.03580477525487964,-0.11065556250220948,0.24858416458402488,0.03195571426638839,-0.10735061410727811,0.24858416458402444,-0.0038490609884912555,0.0033049483949313674,-4.440892098500626e-16,0.005073258754122906,-0.021234084071705277,-0.12055652955865266,-0.0017780871043278786,none,False,False
126,2.5000000000000018,0.04211241668656711,-0.11159889591390344,0.24858416458402488,0.03809450489975676,-0.1084956520343576,0.24858416458402444,-0.004017911786810345,0.0031032438795458445,-4.440892098500626e-16,0.005076784189083503,-0.014927481709661336,-0.12149387508915468,-0.001883065126631448,none,False,False
127,2.520000000000002,0.048389054332746456,-0.11220747747322768,0.24858416458402455,0.044218661610889845,-0.10931274046704878,0.24858416458402444,-0.004170392721856611,0.002894737006178899,-1.1102230246251565e-16,0.005076581309252927,-0.008651815200523867,-0.1220968568682739,-0.001981237330453413,none,False,False
128,2.540000000000002,0.05461453707169151,-0.11249021960260741,0.2485841645840249,0.050308322588313796,-0.10980972211378134,0.24858416458402444,-0.0043062144833777155,0.002680497488826067,-4.718447854656915e-16,0.005072331807409178,-0.002427237524784027,-0.12237437727109902,-0.00207278020432088,none,False,False
129,2.560000000000002,0.06076980848681904,-0.11245732180353527,0.2485841645840248,0.05634461548793748,-0.10999572141298754,0.24858416458402444,-0.004425192998881555,0.0024616003905477274,-3.608224830031759e-16,0.005063774240632678,0.0037271913667133666,-0.12233661601009457,-0.0021580409811227065,none,False,False
130,2.580000000000002,0.06683698419305845,-0.11212015275897391,0.2485841645840248,0.06230973638261063,-0.10988103447178622,0.24858416458402444,-0.004527247810447818,0.0022391182871876886,-3.608224830031759e-16,0.005050705241966006,0.009793582130691836,-0.1219949136716196,-0.00223751248768231,none,False,False
131,2.600000000000002,0.07279941630877523,-0.11149112876700289,0.24858416458402469,0.0681870166356882,-0.10947701485865315,0.24858416458402444,-0.004612399673087034,0.0020141139083497406,-2.498001805406602e-16,0.005032979791346399,0.01575528080461989,-0.12136165187949761,-0.00231180281315592,none,False,False
132,2.620000000000002,0.07864174505471028,-0.11058358985018082,0.24858416458402458,0.07396097764293709,-0.10879595655143304,0.24858416458402444,-0.004680767411773187,0.0017876332987477872,-1.3877787807814457e-16,0.005010510590140465,0.021596920733252783,-0.12045013129411071,-0.0023816021797084504,none,False,False
133,2.640000000000002,0.08434993760796386,-0.10941167482710155,0.24858416458402455,0.07961737352706164,-0.10785097530566348,0.24858416458402444,-0.004732564080902224,0.001560699521438072,-1.1102230246251565e-16,0.0049832665768613,0.02730446175514417,-0.11927444860814754,-0.002447649212223402,none,False,False
134,2.660000000000002,0.08991131447623207,-0.10799019656437392,0.248584164584025,0.08514322200018902,-0.10665588965706159,0.24858416458402444,-0.004768092476043054,0.0013343069073123298,-5.551115123125783e-16,0.0049512706230825,0.03286521689599617,-0.11784937364955306,-0.002510698493735083,none,False,False
135,2.680000000000002,0.09531456378386857,-0.10633451855064435,0.24858416458402496,0.09052682373024565,-0.10522510270781538,0.24858416458402444,-0.004787740053622924,0.0011094158428289758,-5.273559366969494e-16,0.004914596456819743,0.03826786694587765,-0.11619022764766435,-0.0025714909070639522,none,False,False
136,2.700000000000002,0.1005497388721518,-0.10446042142783177,0.24858416458402458,0.09575777065625063,-0.10357348577076904,0.24858416458402444,-0.004791968215901166,0.000886935657062729,-1.3877787807814457e-16,0.004873357594305624,0.04350246340330936,-0.11431278071445695,-0.00263021110631777,none,False,False
137,2.720000000000002,0.10560825047938678,-0.10238398951971717,0.24858416458402496,0.10082694379411387,-0.1017162648605404,0.24858416458402444,-0.004781306685272907,0.0006677246591767633,-5.273559366969494e-16,0.004827706478143438,0.0485604203859282,-0.11223313687157471,-0.0026865138679650893,none,False,False
138,2.740000000000002,0.11048285855871498,-0.1001215188801717,0.24858416458402469,0.10572650115801605,-0.09966891092792654,0.24858416458402444,-0.004756357400698935,0.00045260795224516537,-2.498001805406602e-16,0.004777843622558098,0.05343450117093284,-0.10996761157151982,-0.002740059224321128,none,False,False
139,2.760000000000002,0.11516764466569177,-0.09768940950103616,0.24858416458402485,0.11044985649241326,-0.09744703463553406,0.24858416458402444,-0.004717788173278503,0.00024237486550210408,-4.163336342344337e-16,0.0047240100363307525,0.05811878905656199,-0.1075326150571238,-0.002790667564072145,none,False,False
140,2.780000000000002,0.11965797299459963,-0.09510405737120674,0.2485841645840248,0.11499164956612243,-0.09506628637023706,0.24858416458402444,-0.004666323428477198,3.777100096967467e-05,-3.608224830031759e-16,0.004666476292414807,0.06260864830048937,-0.10494454383665722,-0.0028383298603394196,none,False,False
141,2.800000000000002,0.1239504439981475,-0.09238175359011033,0.2485841645840247,0.11934770882285757,-0.09254226208361226,0.24858416458402444,-0.004602735175289932,-0.00016050849350192353,-2.7755575615628914e-16,0.004605532984393609,0.06690067778571775,-0.10221968005038831,-0.002883203227016537,none,False,False
142,2.820000000000002,0.12804284146727932,-0.08953859105787774,0.24858416458402455,0.12351500721237167,-0.08989041544660999,0.24858416458402444,-0.004527834254907645,-0.0003518243887322414,-1.1102230246251565e-16,0.00454148251570144,0.07099265826821119,-0.09937409912220742,-0.0029255940599742557,none,False,False
143,2.840000000000002,0.13193407395912768,-0.0865903791219686,0.2485841645840248,0.1274916120435648,-0.0871259767009413,0.24858416458402444,-0.004442461915562884,-0.0005355975789727019,-3.608224830031759e-16,0.004474632123183768,0.0748834940674978,-0.09642358592135498,-0.0029659314754428697,none,False,False
144,2.860000000000002,0.1356241114600873,-0.08355256642371954,0.2485841645840246,0.1312766297062154,-0.08426387848844138,0.24858416458402444,-0.004347481753871896,-0.0007113120647218446,-1.6653345369377348e-16,0.00440528801029716,0.07857315005834974,-0.09338355951028965,-0.0030047339804919757,none,False,False
145,2.880000000000002,0.13911391815871327,-0.08044017206089313,0.248584164584025,0.1348701461022651,-0.08131868884226005,0.24858416458402444,-0.0042437720564481585,-0.0008785167813669253,-5.551115123125783e-16,0.004333750454540909,0.08206258480936468,-0.0902690064267896,-0.0030425723198167433,none,False,False
146,2.900000000000002,0.14240538218091064,-0.07726772506579589,0.2485841645840249,0.1382731636117624,-0.07830455143125845,0.24858416458402444,-0.004132218569148249,-0.0010368263654625537,-4.718447854656915e-16,0.004260309755796155,0.08535368069376621,-0.08709442234171129,-0.003080031270561462,none,False,False
147,2.920000000000002,0.14550124310895976,-0.07404921209433402,0.24858416458402463,0.14148753539373343,-0.07523513306237364,0.24858416458402444,-0.004013707715226328,-0.0011859209680396277,-1.942890293094024e-16,0.004185242904026407,0.08844917176990914,-0.08387376184761106,-0.0031176728416498203,none,False,False
148,2.940000000000002,0.148405018067572,-0.07079803313026241,0.24858416458402485,0.14451589778948432,-0.0721235783657294,0.24858416458402444,-0.0038891202780876877,-0.0013255452354669905,-4.163336342344337e-16,0.004108810863096778,0.09135257019468691,-0.08062039606605631,-0.0031560029182820764,none,False,False
149,2.960000000000002,0.15112092711564282,-0.06752696493111815,0.24858416458402477,0.14736160155630545,-0.06898247151450432,0.24858416458402444,-0.003759325559337362,-0.001455506583386168,-3.3306690738754696e-16,0.004031256389187823,0.09406809189314194,-0.07734707771076034,-0.0031954429177353384,none,False,False
150,2.980000000000002,0.15365381863284217,-0.06424813187766758,0.24858416458402482,0.15002864261440169,-0.0658238047664475,0.24858416458402444,-0.003625176018440479,-0.0015756728887799248,-3.885780586188048e-16,0.003952802324568234,0.09660058216289766,-0.0740659132072412,-0.003236307527894376,none,False,False
151,3.000000000000002,0.15600909533680413,-0.06097298383652984,0.24858416458402485,0.15252159294025752,-0.06265895355671645,0.24858416458402444,-0.0034875023965466045,-0.0016859697201866142,-4.163336342344337e-16,0.0038736503279599775,0.09895544184337751,-0.0707883414450295,-0.003278789118170322,none,False,False
152,3.0200000000000022,0.15819263087226343,-0.05771227808696059,0.24858416458402469,0.15484553218668,-0.05949865782252162,0.24858416458402444,-0.003347098685583416,-0.0017863797355610264,-2.498001805406602e-16,0.0037939718199608854,0.10113855154207327,-0.0675251601159614,-0.0033221793326147133,none,False,False
153,3.0400000000000023,0.160210699409281,-0.05447608279195827,0.24858416458402469,0.15700598055449472,-0.05635300919889524,0.24858416458402444,-0.0032047188547862926,-0.0018769264069369712,-2.498001805406602e-16,0.00371390302448517,0.10315619863431857,-0.06428651414081059,-0.003365132809835349,none,False,False
154,3.0600000000000023,0.1620699266822167,-0.05127376703668325,0.24858416458402469,0.15900883338434857,-0.05323144369156055,0.24858416458402444,-0.0030610932978681338,-0.0019576766548772967,-2.498001805406602e-16,0.0036335643744544793,0.10501502126184785,-0.061081844799603574,-0.003406384201988825,none,False,False
155,3.0800000000000023,0.1637772217919872,-0.048114000181308396,0.24858416458402494,0.1608602978801556,-0.05014273940720224,0.24858416458402444,-0.002916923911831598,-0.002028739225893847,-4.996003610813204e-16,0.0035530589573064104,0.10672193950250773,-0.0579198853936969,-0.0034448128572315577,none,False,False
156,3.1000000000000023,0.1653397116954744,-0.0450047560487892,0.2485841645840249,0.16256683231933558,-0.04709501890297066,0.24858416458402444,-0.0027728793761388204,-0.002090262854181457,-4.718447854656915e-16,0.0034724715742806053,0.10828408952701973,-0.05480866347905692,-0.0034794770662305427,none,False,False
157,3.1200000000000023,0.166764679262351,-0.04195332145000052,0.2485841645840246,0.16413508804979887,-0.04409575570551184,0.24858416458402444,-0.0026295912125521292,-0.002142434255511319,-1.6653345369377348e-16,0.003391868877819383,0.10970876144809437,-0.051755508160297656,-0.0035096356281213237,none,False,False
158,3.1400000000000023,0.16805950511394824,-0.038966308632104325,0.24858416458402463,0.16557185452039158,-0.04115178454454144,0.24858416458402444,-0.002487650593556656,-0.002185475912437118,-1.942890293094024e-16,0.0033113004151640543,0.11100334107332974,-0.04876706201644986,-0.0035347569987633173,none,False,False
159,3.1600000000000024,0.16923161340387752,-0.03604967121999891,0.2485841645840246,0.16688400754065758,-0.03826931484667502,0.24858416458402444,-0.0023476058632199426,-0.002219643626676107,-1.6653345369377348e-16,0.0032308003835688323,0.11217525571286262,-0.045849297180498405,-0.003554516860848819,none,False,False
160,3.1800000000000024,0.1702884216482587,-0.03320872320972335,0.2485841645840248,0.16807846091791323,-0.03545394704105199,0.24858416458402444,-0.0022099607303454616,-0.0022452238313286355,-3.608224830031759e-16,0.0031503898937171385,0.1132319241362941,-0.04300753505595801,-0.0035687854419553886,none,False,False
161,3.2000000000000024,0.17123729466515056,-0.030448160566903977,0.24858416458402458,0.16916212157496652,-0.03271069123897907,0.24858416458402444,-0.0020751730901840404,-0.0022625306720750957,-1.3877787807814457e-16,0.0030700795423416255,0.1141807107216383,-0.040246469126429534,-0.003577606283574276,none,False,False
162,3.2200000000000024,0.1720855026384994,-0.027772084982871398,0.24858416458402463,0.1701418482107757,-0.030043987864474715,0.24858416458402444,-0.0019436544277237067,-0.0022719028816033174,-1.942890293094024e-16,0.0029898721106173466,0.11502888379243488,-0.03757019029898466,-0.0035811684202506915,none,False,False
163,3.2400000000000024,0.17284018328196665,-0.02518402934605868,0.24858416458402485,0.17102441352899106,-0.027457729830889795,0.24858416458402444,-0.0018157697529755934,-0.0022737004848311163,-4.163336342344337e-16,0.002909765229454483,0.1157835780980449,-0.034982214219636175,-0.003579774060132332,none,False,False
164,3.2600000000000025,0.17350830804256046,-0.022686984496669393,0.2485841645840246,0.1718164700258344,-0.02495528587999183,0.24858416458402444,-0.001691838016726066,-0.0022683013833224366,-1.6653345369377348e-16,0.0028297538833654897,0.11645176135667351,-0.03248551000880335,-0.0035738038708792073,none,False,False
165,3.2800000000000025,0.17409665225319854,-0.020283426848278014,0.24858416458402477,0.17252451929914955,-0.02253952472352174,0.24858416458402444,-0.0015721329540489826,-0.0022560978752437268,-3.3306690738754696e-16,0.0027498326581604994,0.1170402047508306,-0.03008252988581506,-0.0035636818789483537,none,False,False
166,3.3000000000000025,0.17461176911716741,-0.01797534648067077,0.24858416458402496,0.17315488481464478,-0.020212839652793704,0.24858416458402444,-0.0014568843025226375,-0.002237493172122934,-5.273559366969494e-16,0.0026699976715783146,0.11755545724060691,-0.027775239182909396,-0.003549841801717641,none,False,False
167,3.3200000000000025,0.17505996738582774,-0.015764275333455296,0.2485841645840246,0.17371368804328247,-0.017977173308807635,0.24858416458402444,-0.0013462793425452757,-0.002212897975352339,-1.6653345369377348e-16,0.0025902481575097434,0.1180038235410421,-0.025565146289338047,-0.003532696370257881,none,False,False
168,3.3400000000000025,0.17544729257366734,-0.013651315159156872,0.2485841645840246,0.17420682786525077,-0.015834042333278744,0.24858416458402444,-0.001240464708416572,-0.002182727174121872,-1.6653345369377348e-16,0.002510587702008648,0.11839134559561794,-0.0234533321132716,-0.0035126108872227,none,False,False
169,3.3600000000000025,0.1757795115416689,-0.01163716492702534,0.24858416458402485,0.1746399631208255,-0.013784561649373604,0.24858416458402444,-0.001139548420843406,-0.002147396722348264,-4.163336342344337e-16,0.002431025151371077,0.11872378736806818,-0.02144047870129163,-0.003489881921143076,none,False,False
170,3.3800000000000026,0.17606210027061048,-0.009722147403800865,0.2485841645840246,0.17501849817641738,-0.011829468149580937,0.24858416458402444,-0.0010436020941931023,-0.0021073207457800724,-1.6653345369377348e-16,0.0023515752287773632,0.1190066227687454,-0.019526896710381672,-0.003464721686330855,none,False,False
171,3.4000000000000026,0.1763002346399908,-0.007906234674415782,0.24858416458402463,0.17534757136497178,-0.0099691435965459,0.24858416458402444,-0.0009526632750190278,-0.0020629089221301175,-1.942890293094024e-16,0.0022722589061491263,0.11924502652917086,-0.01771255148358331,-0.00343724831557561,none,False,False
172,3.4200000000000026,0.17649878402536143,-0.0061890724032201486,0.24858416458402477,0.17563204615333822,-0.00820363657065027,0.24858416458402444,-0.00086673787202321,-0.002014564167430122,-3.3306690738754696e-16,0.002193103582481398,0.11944386783855217,-0.015997087536105067,-0.0034074819170575765,none,False,False
173,3.4400000000000026,0.17666230752650594,-0.0045700026739609895,0.24858416458402477,0.17587650488494883,-0.006532683325395593,0.24858416458402444,-0.0007858026415571151,-0.001962680651434604,-3.3306690738754696e-16,0.002114143119799107,0.11960770655842096,-0.014379851312106314,-0.0033753460303072224,none,False,False
174,3.4600000000000026,0.17679505264070988,-0.003048085283690858,0.24858416458402505,0.17608524494385328,-0.004955727437875252,0.24858416458402444,-0.0007098076968566069,-0.0019076421541843937,-6.106226635438361e-16,0.002035417783880782,0.11974079183558345,-0.012859912122324726,-0.0033406738679946668,none,False,False
175,3.4800000000000026,0.1769009559657591,-0.001622115340754583,0.2485841645840248,0.1762622771855,-0.0034719381668380095,0.24858416458402444,-0.000638678780259111,-0.0018498228260834266,-3.608224830031759e-16,0.0019569760019613274,0.11984706438715431,-0.011436088932910317,-0.0033030472221028066,none,False,False
176,3.5000000000000027,0.17698364654796325,-0.00029064177866676595,0.24858416458402463,0.17641132648035668,-0.0020802274546550537,0.24858416458402444,-0.0005723200676065743,-0.0017895856759882877,-1.942890293094024e-16,0.0018788739051590585,0.11993016081980179,-0.010106974505159664,-0.0032616978476375184,none,False,False
177,3.5200000000000027,0.17704645133965624,0.0009480116547724241,0.24858416458402494,0.17653583421818964,-0.0007792655319772933,0.24858416458402444,-0.0005106171214666055,-0.0017272771867497174,-4.996003610813204e-16,0.0018011708204945082,0.11999341656086876,-0.008870941673418687,-0.0032157652981883674,none,False,False
178,3.5400000000000027,0.177092401694866,0.0020957308732987828,0.2485841645840246,0.17663896262330656,0.00043250489528093294,0.24858416458402444,-0.00045343907155945273,-0.0016632259780178498,-1.6653345369377348e-16,0.0017239279699483188,0.1200398704170474,-0.0077261475989823716,-0.003164494458555497,none,False,False
179,3.5600000000000027,0.17712424143956823,0.0031546004134070903,0.24858416458402469,0.17672360073400306,0.0015568558776564313,0.24858416458402444,-0.0004006407055651695,-0.001597744535750659,-2.498001805406602e-16,0.0016472099369773258,0.12007227244184374,-0.006670543626931973,-0.0031072562593706587,none,False,False
180,3.5800000000000027,0.1771444363951471,0.00412689371526297,0.24858416458402496,0.17679237190261082,0.002595762856037483,0.24858416458402444,-0.0003520644925362748,-0.001531130859225487,-5.273559366969494e-16,0.0015710859667686563,0.12009309332905799,-0.005701884249781442,-0.003043560918046918,none,False,False
181,3.6000000000000028,0.17715518521422036,0.005015064658475531,0.24858416458402463,0.176847642675659,0.003551394665340043,0.24858416458402444,-0.00030754253856135616,-0.0014636699931354878,-1.942890293094024e-16,0.0014956310580587723,0.12010453519207173,-0.004817735246996232,-0.0029730636319487565,none,False,False
182,3.6200000000000028,0.17715843139065313,0.005821740279876626,0.248584164584025,0.17689153291653337,0.0044261048615250684,0.24858416458402444,-0.00026689847411975887,-0.0013956354183515575,-5.551115123125783e-16,0.0014209268160059415,0.12010854358777719,-0.004015481055947239,-0.0028955630270543708,none,False,False
183,3.640000000000003,0.17715587630748206,0.0065497145953589304,0.24858416458402466,0.17692592703544696,0.005222424313194436,0.24858416458402444,-0.00022994927203509596,-0.001327290282164494,-2.220446049250313e-16,0.001347062047879671,0.12010682064270237,-0.003292331415893146,-0.0028109929989982236,none,False,False
184,3.660000000000003,0.17714899318753013,0.007201943445249125,0.24858416458402469,0.1769524861933667,0.005943054988607884,0.24858416458402444,-0.0001965069941634312,-0.001258888456641241,-2.498001805406602e-16,0.0012741330954887376,0.12010083913732084,-0.002645327313408484,-0.0027194088592092463,none,False,False
185,3.680000000000003,0.1771390418116533,0.007781540282145165,0.24858416458402485,0.17697266134762585,0.00659086486030993,0.24858416458402444,-0.0001663804640274491,-0.0011906754218352347,-4.163336342344337e-16,0.0012022439099336306,0.12009185740271464,-0.002071346246343656,-0.0026209689071058557,none,False,False
186,3.700000000000003,0.1771270838687956,0.008291772821102477,0.24858416458402494,0.17698770700719085,0.007168883842772711,0.24858416458402444,-0.00013937686160475637,-0.001122888978329766,-4.996003610813204e-16,0.0011315058847417706,0.12008093488170403,-0.0015671068147018463,-0.0025159126845987413,none,False,False
187,3.720000000000003,0.17711399880035628,0.00873606047415099,0.248584164584025,0.17699869556485065,0.007680300673474223,0.24858416458402444,-0.00011530323550562604,-0.001055759800676767,-5.551115123125783e-16,0.0010620374724288745,0.12006894820427334,-0.0011291726412427,-0.002404537230467081,none,False,False
188,3.740000000000003,0.177100499998773,0.009117972493909755,0.24858416458402463,0.17700653207190797,0.008128460644618751,0.24858416458402444,-9.396792686502953e-05,-0.000989511849291004,-1.942890293094024e-16,0.000993963616621159,0.12005660762458881,-0.0007539556223816131,-0.0022871726425295466,none,False,False
189,3.760000000000003,0.17708715121675356,0.009441226754285579,0.24858416458402496,0.17701196931823884,0.008516864091282859,0.24858416458402444,-7.518189851471457e-05,-0.0009243626630027202,-5.273559366969494e-16,0.0009274150368727894,0.12004447366409357,-0.00043771851097350843,-0.0021641581814388585,none,False,False
190,3.780000000000003,0.17707438303925851,0.009709689099669272,0.2485841645840248,0.17701562307684054,0.008849165542026872,0.24858416458402444,-5.875996241797021e-05,-0.0008605235576423995,-3.608224830031759e-16,0.0008625274061969817,0.12003297380202614,-0.00017657683653305491,-0.0020358200207140835,none,False,False
191,3.800000000000003,0.1770625092651913,0.00992737319753216,0.2485841645840248,0.177017987367226,0.009129173439839388,0.24858416458402444,-4.4521897965305035e-05,-0.0007981997576927725,-3.608224830031759e-16,0.0007994404621854174,0.12002241905118208,3.3499825165695524e-05,-0.0019024515746563634,none,False,False
192,3.820000000000003,0.17705174303985424,0.010098440832822735,0.24858416458402469,0.17701944958627513,0.009360850344840127,0.24858416458402444,-3.229345357910751e-05,-0.0007375904879826072,-2.498001805406602e-16,0.0007382970913571898,0.1200130202527577,0.00019668721300947345,-0.0017642971316537317,none,False,False
193,3.840000000000003,0.17704221257258712,0.010227202586092344,0.2485841645840248,0.1770203053484684,0.009548313534905555,0.24858416458402444,-2.1907224118711266e-05,-0.0006788890511867894,-3.608224830031759e-16,0.0006792424238001383,0.1200049039196001,0.0003173063427086606,-0.001621539298060958,none,False,False
194,3.860000000000003,0.17703397626670053,0.010318118840852793,0.24858416458402496,0.17702077286987083,0.009695835926669413,0.24858416458402444,-1.32033968296974e-05,-0.0006222829141833801,-5.273559366969494e-16,0.0006224229711156253,0.11999812745206875,0.0003998240315014277,-0.0014742905300081921,none,False,False
195,3.880000000000003,0.1770270370808666,0.010375801069385179,0.24858416458402466,0.17702100672187596,0.009807847246610473,0.24858416458402444,-6.030358990632978e-06,-0.0005679538227747055,-2.220446049250313e-16,0.0005679858361208997,0.11999269354491747,0.0004488539377608864,-0.0013225888088446278,none,False,False
196,3.900000000000003,0.1770213559325837,0.0104050133501335,0.2485841645840246,0.17702111077163357,0.009888935390210298,0.24858416458402444,-2.4516095012416805e-07,-0.0005160779599232019,-1.6653345369377348e-16,0.0005160780181546056,0.11998856359707187,0.00046915806006847614,-0.0011663973106658203,none,False,False
197,3.920000000000003,0.17701686394521832,0.01041067407396691,0.2485841645840246,0.17702115011635905,0.009943847916083744,0.24858416458402444,4.2861711407327086e-06,-0.00046682615788316666,-1.6653345369377348e-16,0.00046684583423974865,0.11998566992884992,0.0004656486341763573,-0.0010056077398457345,none,False,False
198,3.940000000000003,0.17701347333048,0.010397857801001208,0.24858416458402482,0.17702116180842487,0.009977493631415875,0.24858416458402444,7.688477944856054e-06,-0.0004203641695853331,-3.885780586188048e-16,0.0004204344749949452,0.11998392660302006,0.0004433903621483412,-0.0008400468469507512,none,False,False
199,3.960000000000003,0.17701108668801724,0.010371797234214001,0.24858416458402455,0.1770211641573457,0.009994944234385614,0.24858416458402444,1.0077469328462207e-05,-0.0003768529998283872,-1.1102230246251565e-16,0.00037698771713110294,0.11998323863708385,0.0004076029060014094,-0.0006694855369180541,none,False,False
200,3.980000000000003,0.1770096044931499,0.0103378852806605,0.24858416458402455,0.17702116438354548,0.010001435988452998,0.24858416458402444,1.1559890395584915e-05,-0.00033644929220750207,-1.1102230246251565e-16,0.0003366478238350681,0.11998350938430316,0.00036366357831653677,-0.0004936498958590163,none,False,False
201,4.000000000000003,0.17700893053259825,0.010301677175399931,0.248584164584025,0.1770211643871914,0.010002371411802434,0.24858416458402444,1.2233854593146631e-05,-0.00029930576359749744,-5.551115123125783e-16,0.0002995556831724067,0.1199846458502699,0.00031711016428234506,-0.000312233424223057,none,False,False
202,4.020000000000002,0.17700893954365424,0.0102661453792609,0.2485841645840249,0.1770211643871914,0.010002371411802434,0.24858416458402444,1.2224843537161911e-05,-0.0002637739674584659,-4.718447854656915e-16,0.00026405710122677614,0.11998647955616723,0.0002711626926237101,-0.00012957717181059545,none,False,False
203,4.040000000000002,0.17700948644803777,0.010231984339386853,0.24858416458402488,0.1770211643871914,0.010002371411802434,0.24858416458402444,1.1677939153631467e-05,-0.00022961292758441956,-4.440892098500626e-16,0.0002299097013541704,0.11998878741986348,0.0002269603879366213,4.6518700557566735e-05,none,False,False
204,4.060000000000001,0.1770104387761662,0.010199705394106926,0.24858416458402469,0.1770211643871914,0.010002371411802434,0.24858416458402444,1.0725611025191872e-05,-0.00019733398230449214,-2.498001805406602e-16,0.00019762524966211514,0.11999136521271907,0.00018542200002762761,0.000208908407204895,none,False,False
205,4.080000000000001,0.17701167685708574,0.010169674495129163,0.2485841645840248,0.1770211643871914,0.010002371411802434,0.24858416458402444,9.487530105656283e-06,-0.0001673030833267298,-3.608224830031759e-16,0.00016757187985499364,0.1199940313817619,0.0001472632891866031,0.0003514556835186007,none,False,False
206,4.1000000000000005,0.17701309403922838,0.010142140773995802,0.248584164584025,0.1770211643871914,0.010002371411802434,0.24858416458402444,8.07034796301842e-06,-0.0001397693621933687,-5.551115123125783e-16,0.00014000216114112412,0.1199966300007255,0.00011301067827808072,0.00046929568413236783,none,False,False
207,4.12,0.17701459690957677,0.010117258051077656,0.24858416458402485,0.1770211643871914,0.010002371411802434,0.24858416458402444,6.567477614627393e-06,-0.00011488663927522284,-4.163336342344337e-16,0.00011507420061062257,0.11999903277768881,8.301325371997199e-05,0.0005590020888792836,none,False,False
208,4.14,0.17701610546172716,0.010095101077133808,0.24858416458402485,0.1770211643871914,0.010002371411802434,0.24858416458402444,5.058925464235253e-06,-9.272966533137479e-05,-4.163336342344337e-16,9.286755924068136e-05,0.12000114007438288,5.7454748902282496e-05,0.0006186620919867075,none,False,False
209,4.159999999999999,0.17701755315676643,0.010075677997396296,0.24858416458402469,0.1770211643871914,0.010002371411802434,0.24858416458402444,3.6112304249713567e-06,-7.330658559386201e-05,-2.498001805406602e-16,7.339547994674097e-05,0.12000288092915039,3.6366631160000326e-05,0.000647865692727325,none,False,False
210,4.179999999999999,0.17701888682330683,0.01005894024287493,0.24858416458402474,0.1770211643871914,0.010002371411802434,0.24858416458402444,2.2775638845728974e-06,-5.6568831072497175e-05,-3.0531133177191805e-16,5.661466193626023e-05,0.12000421211750503,1.9642950617282638e-05,0.0006476188443650427,none,False,False
211,4.199999999999998,0.17702006635262774,0.010044790788599295,0.24858416458402488,0.1770211643871914,0.010002371411802434,0.24858416458402444,1.09803456366242e-06,-4.241937679686121e-05,-4.440892098500626e-16,4.2433585845849566e-05,0.12000511632669239,7.057206219907271e-06,0.0006201924649155766,none,False,False
212,4.219999999999998,0.1770210641595894,0.010033091478142851,0.248584164584025,0.1770211643871914,0.010002371411802434,0.24858416458402444,1.0022760199568381e-07,-3.072006634041724e-05,-5.551115123125783e-16,3.072022984178078e-05,0.12000559955947998,-1.7188521214281074e-06,0.000568921019065724,none,False,False
213,4.2399999999999975,0.17702186439766682,0.010023669901115717,0.24858416458402455,0.1770211643871914,0.010002371411802434,0.24858416458402444,-7.000104754184555e-07,-2.129848931328379e-05,-1.1102230246251565e-16,2.1309989715946824e-05,0.1200056879142408,-7.094832519873377e-06,0.0004979653336356679,none,False,False
214,4.259999999999997,0.17702246193495114,0.010016326127407634,0.24858416458402458,0.1770211643871914,0.010002371411802434,0.24858416458402444,-1.2975477597376717e-06,-1.3954715605200146e-05,-1.3877787807814457e-16,1.4014910553079415e-05,0.12000542391088644,-9.540263737409382e-06,0.00041205453108853575,none,False,False
215,4.279999999999997,0.17702286111543308,0.01001083944973204,0.2485841645840248,0.1770211643871914,0.010002371411802434,0.24858416458402444,-1.696728241684653e-06,-8.468037929606695e-06,-3.608224830031759e-16,8.636350682052456e-06,0.12000486254410964,-9.562780282801016e-06,0.0003162215083782527,none,False,False
216,4.299999999999996,0.17702307434473502,0.010006975164441774,0.24858416458402463,0.1770211643871914,0.010002371411802434,0.24858416458402444,-1.9099575436221095e-06,-4.603752639340333e-06,-1.942890293094024e-16,4.984222726029816e-06,0.12000406724655459,-7.686660521434944e-06,0.00021554532851699845,none,False,False
217,4.319999999999996,0.17702312055067557,0.010004491328718546,0.2485841645840249,0.1770211643871914,0.010002371411802434,0.24858416458402444,-1.9561634841680497e-06,-2.1199169161125603e-06,-4.718447854656915e-16,2.8845490649341835e-06,0.1200031059357262,-4.432451672941874e-06,0.00011491232622294181,none,False,False
218,4.339999999999995,0.17702302357601385,0.01000314536842405,0.24858416458402466,0.1770211643871914,0.010002371411802434,0.24858416458402444,-1.8591888224506192e-06,-7.739566216160426e-07,-2.220446049250313e-16,2.0138500266078995e-06,0.12000204730118179,-2.9836839794629256e-07,1.8805768001028184e-05,none,False,False
219,4.359999999999995,0.17702281056334288,0.010002700372747577,0.24858416458402485,0.1770211643871914,0.010002371411802434,0.24858416458402444,-1.6461761514763307e-06,-3.289609451437303e-07,-4.163336342344337e-16,1.6787230936397103e-06,0.12000095746476887,4.255936968119459e-06,-6.886832894773871e-05,none,False,False
220,4.379999999999995,0.17702251039066813,0.010002930896437248,0.2485841645840246,0.1770211643871914,0.010002371411802434,0.24858416458402444,-1.3460034767320828e-06,-5.594846348138532e-07,-1.6653345369377348e-16,1.457651678545888e-06,0.11999989711853278,8.822754775700509e-06,-0.0001449140022500924,none,False,False
221,4.399999999999994,0.17702215221131068,0.010003628094520423,0.248584164584025,0.1770211643871914,0.010002371411802434,0.24858416458402444,-9.87824119280667e-07,-1.2566827179896073e-06,-5.551115123125783e-16,1.5984517334991294e-06,0.11999891921451852,1.30565130605554e-05,-0.00020693397608002146,none,False,False
222,4.419999999999994,0.17702176414419193,0.010004604034413623,0.2485841645840248,0.1770211643871914,0.010002371411802434,0.24858416458402444,-5.997570005356057e-07,-2.2326226111896164e-06,-3.608224830031759e-16,2.3117768455641665e-06,0.11999806724993288,1.6680604471272156e-05,-0.0002533736569991368,none,False,False
223,4.439999999999993,0.177021372151122,0.010005695062433095,0.24858416458402488,0.1770211643871914,0.010002371411802434,0.24858416458402444,-2.077639305875234e-07,-3.3236506306617147e-06,-4.440892098500626e-16,3.3301380400144364e-06,0.11999737416159031,1.949081754492439e-05,-0.00028352218487308253,none,False,False
224,4.459999999999993,0.1770209991272671,0.010006764142162936,0.24858416458402485,0.1770211643871914,0.010002371411802434,0.24858416458402444,1.6525992430072023e-07,-4.392730360501876e-06,-4.163336342344337e-16,4.395837902226926e-06,0.1199968618164596,2.1355493094051357e-05,-0.00029747411521188495,none,False,False
225,4.479999999999992,0.17702066422021687,0.01000770212726915,0.2485841645840246,0.1770211643871914,0.010002371411802434,0.24858416458402444,5.001669745319237e-07,-5.330715466716693e-06,-1.6653345369377348e-16,5.354128723658499e-06,0.11999654106132177,2.2212660552941108e-05,-0.00029605686172518654,none,False,False
226,4.499999999999992,0.1770203823826177,0.010008427977756947,0.2485841645840249,0.1770211643871914,0.010002371411802434,0.24858416458402444,7.820045737072512e-07,-6.056565954513232e-06,-4.718447854656915e-16,6.106842253953171e-06,0.11999641227460943,2.2064522939773103e-05,-0.00028073020301651634,none,False,False
227,4.519999999999992,0.1770201641536478,0.010008887973304419,0.2485841645840248,0.1770211643871914,0.010002371411802434,0.24858416458402444,1.0002335436021248e-06,-6.516561501985346e-06,-3.608224830031759e-16,6.592878047628697e-06,0.11999646634773783,2.0969748219252935e-05,-0.00025346493234013273,none,False,False
228,4.539999999999991,0.1770200156559706,0.010009054017614384,0.24858416458402477,0.1770211643871914,0.010002371411802434,0.24858416458402444,1.1487312208124933e-06,-6.682605811950126e-06,-3.3306690738754696e-16,6.780619725038336e-06,0.11999668601179564,1.9034086578390827e-05,-0.0002166081023498265,none,False,False
229,4.559999999999991,0.1770199387874667,0.010008921161633136,0.2485841645840249,0.1770211643871914,0.010002371411802434,0.24858416458402444,1.2255997247079264e-06,-6.549749830702528e-06,-4.718447854656915e-16,6.663431363043514e-06,0.11999704741834116,1.639986640243484e-05,-0.0001727423052711446,none,False,False
230,4.57999999999999,0.1770199315811068,0.010008504499532094,0.24858416458402463,0.1770211643871914,0.010002371411802434,0.24858416458402444,1.232806084605631e-06,-6.133087729660522e-06,-1.942890293094024e-16,6.255763417997289e-06,0.11999752188014409,1.323492706486869e-05,-0.00012454606728376356,none,False,False
231,4.59999999999999,0.17701998870186803,0.01000783560866035,0.2485841645840246,0.1770211643871914,0.010002371411802434,0.24858416458402444,1.175685323373532e-06,-5.464196857915549e-06,-1.6653345369377348e-16,5.589247112237039e-06,0.11999807767883068,9.721525917609682e-06,-7.466177218042816e-05,none,False,False
232,4.6199999999999894,0.17702010204666072,0.010006958712906413,0.24858416458402455,0.1770211643871914,0.010002371411802434,0.24858416458402444,1.0623405306831035e-06,-4.587301103978897e-06,-1.1102230246251565e-16,4.7087045799984165e-06,0.11999868185124951,6.045713131214052e-06,-2.5576621787263916e-05,none,False,False
233,4.639999999999989,0.17702026141179125,0.010005926748285415,0.2485841645840246,0.1770211643871914,0.010002371411802434,0.24858416458402444,9.029754001466106e-07,-3.555336482980939e-06,-1.6653345369377348e-16,3.668212382139999e-06,0.11999930187458314,2.3876052216925117e-06,2.047894622224425e-05,none,False,False
234,4.659999999999989,0.1770204551925415,0.0100047975007393,0.24858416458402502,0.1770211643871914,0.010002371411802434,0.24858416458402444,7.091946498949397e-07,-2.426088936866369e-06,-5.828670879282072e-16,2.5276203395733692e-06,0.11999990718129923,-1.0870892578219405e-06,6.161216137499477e-05,none,False,False
235,4.679999999999988,0.1770206710809081,0.010003629970153994,0.2485841645840248,0.1770211643871914,0.010002371411802434,0.24858416458402444,4.933062832945811e-07,-1.2585583515599408e-06,-3.608224830031759e-16,1.3517840853550498e-06,0.12000047044835739,-4.2340254436767816e-06,9.632616709438737e-05,none,False,False
236,4.699999999999988,0.17702089673031893,0.010002481092737811,0.24858416458402463,0.1770211643871914,0.010002371411802434,0.24858416458402444,2.676568724713224e-07,-1.0968093537740142e-07,-1.942890293094024e-16,2.8925785895354935e-07,0.12000096861997656,-6.935484771031845e-06,0.0001235548615622728,none,False,False
237,4.719999999999987,0.17702112036006726,0.01000140292772364,0.248584164584025,0.1770211643871914,0.010002371411802434,0.24858416458402444,4.402712414086629e-08,9.68484078793172e-07,-5.551115123125783e-16,9.694842951466382e-07,0.12000138363895833,-9.103861952051046e-06,0.00014267473828200828,none,False,False
238,4.739999999999987,0.1770213312770742,0.010000440385372992,0.2485841645840246,0.1770211643871914,0.010002371411802434,0.24858416458402444,-1.668898828022236e-07,1.931026429442123e-06,-1.6653345369377348e-16,1.938224781645755e-06,0.12000170287727625,-1.0683381701888812e-05,0.0001534951668018136,none,False,False
239,4.7599999999999865,0.17702152029813528,0.00999962954313136,0.2485841645840249,0.1770211643871914,0.010002371411802434,0.24858416458402444,-3.559109438833197e-07,2.741868671073122e-06,-4.718447854656915e-16,2.764871861296325e-06,0.12000191927161208,-1.1650130659088694e-05,0.00015622943142730694,none,False,False
240,4.779999999999986,0.17702168006177027,0.009998996566920977,0.2485841645840246,0.1770211643871914,0.010002371411802434,0.24858416458402444,-5.156745788714723e-07,3.3748448814568954e-06,-1.6653345369377348e-16,3.414014974365238e-06,0.12000203118305651,-1.201055918501584e-05,0.00015144953880802625,none,False,False
