step,time_s,success,routeB_residual,tip_x,tip_y,tip_z,target_x,target_y,target_z,err_x,err_y,err_z,tension_margin_low,tension_margin_high,torque_margin_low,torque_margin_high,active_lower_count,active_upper_count,jacobian_backend,jacobian_fallback,T_1,T_2,T_3,T_4,T_5,T_6,T_7,T_8,tau_1,tau_2,tau_3,tau_4,tau_5,tau_6,uwo_1,ua_1,uwo_2,ua_2,uwo_3,ua_3,uwo_4,ua_4,uwo_5,ua_5,uwo_6,ua_6,uwo_7,ua_7,uwo_8,ua_8,uwo_9,ua_9,uwo_10,ua_10,uwo_11,ua_11,uwo_12,ua_12,uwo_13,ua_13,uwo_14,ua_14
1,0,1,1.37035988019622e-14,0.342195061157077,0.235856391502743,1.42445906603865,0.522195061157077,0.135856391502743,1.42445906603865,-0.18,0.1,0,5.13642461896779e-11,478.707538235457,39.9511953459503,32.8154377564489,2,0,pinocchio,0,12.4512807542131,12.4512807542131,5.00000000005136,5.00000000005136,5.12319887007199,5.12319887007199,21.2924617645432,21.2924617645432,0.808610846436842,7.18456224355108,0.0759158956785957,-0.0171845132994309,-0.0488046540497407,0.000216997207070887,12.4512807542131,12.4512807542131,12.4512807542131,12.4512807542131,5.00000000005136,5.00000000005136,5.00000000005136,5.00000000005136,5.12319887007199,5.12319887007199,5.12319887007199,5.12319887007199,21.2924617645432,21.2924617645432,21.2924617645432,21.2924617645432,0.808610846436842,0.808610846436842,0.336661109364655,7.18456224355108,-0.561155763724855,0.0759158956785957,-0.0343977188235627,-0.0171845132994309,0.0470106390261762,-0.0488046540497407,0.000324909819191532,0.000216997207070887
2,0.02,1,1.13159272326431e-14,0.349394257348627,0.231853155395062,1.42445685963827,0.522195061157077,0.135856391502743,1.42445906603865,-0.17280080380845,0.095996763892319,-2.20640038417486e-06,1.46105350040671e-12,485.938321593053,39.9299764270633,32.9696890865525,4,0,pinocchio,0,9.70463591367535,9.70463591367535,5.00000000000146,5.00000000000146,5.00000000045715,5.00000000045715,14.0616784069472,14.0616784069472,0.449911448043502,7.03031091344747,0.319503281349558,-0.00250098073052577,-0.0700235729367094,7.99493052269143e-05,9.70463591367535,9.70463591367535,9.70463591367535,9.70463591367535,5.00000000000146,5.00000000000146,5.00000000000146,5.00000000000146,5.00000000045715,5.00000000045715,5.00000000045715,5.00000000045715,14.0616784069472,14.0616784069472,14.0616784069472,14.0616784069472,0.448754387347499,0.449911448043502,0.176058716765667,7.03031091344747,-0.312320574010492,0.319503281349558,-0.019166041339588,-0.00250098073052577,0.0261944647521517,-0.0700235729367094,0.000179955542620291,7.99493052269143e-05
3,0.04,1,6.58802978435219e-15,0.36062510483478,0.225607447278294,1.42445370563027,0.522195061157077,0.135856391502743,1.42445906603865,-0.161569956322298,0.0897510557755516,-5.36040838294838e-06,5.48894263374677e-13,490.605386528087,39.9157679868583,33.0683703510673,4,0,pinocchio,0,8.02545030191706,8.02545030191706,5.00000000003377,5.00000000003377,5.00000000000055,5.00000000000055,9.39461347191348,9.39461347191348,0.216042489091583,6.93162964893272,0.473735566632282,0.00656323666240326,-0.0842320131417233,-3.77658174994512e-06,8.02545030191706,8.02545030191706,8.02545030191706,8.02545030191706,5.00000000003377,5.00000000003377,5.00000000003377,5.00000000003377,5.00000000000055,5.00000000000055,5.00000000000055,5.00000000000055,9.39461347191348,9.39461347191348,9.39461347191348,9.39461347191348,0.213221198542904,0.216042489091583,0.0675815210211681,6.93162964893272,-0.149889234922185,0.473735566632282,-0.00923133272948462,0.00656323666240326,0.0125987005776622,-0.0842320131417233,8.44705789901923e-05,-3.77658174994512e-06
4,0.06,1,1.11343596376456e-14,0.373826017186456,0.218269603585297,1.42445193564958,0.522195061157077,0.135856391502743,1.42445906603865,-0.148369043970621,0.0824132120825546,-7.13038906918761e-06,1.97526439649209e-10,493.048148123529,39.9065179042423,33.1227656766524,4,0,pinocchio,0,6.95185187647145,6.95185187647145,5.00000000024927,5.00000000024927,5.00000000019753,5.00000000019753,6.45732258848086,6.45732258848086,0.0659386998826417,6.87723432334764,0.566921971397408,0.0116933374609389,-0.093482095757684,-5.3191672205694e-05,6.95185187647145,6.95185187647145,6.95185187647145,6.95185187647145,5.00000000024927,5.00000000024927,5.00000000024927,5.00000000024927,5.00000000019753,5.00000000019753,5.00000000019753,5.00000000019753,6.45732258848086,6.45732258848086,6.45732258848086,6.45732258848086,0.0620364713409245,0.0659386998826417,0.00228154036674511,6.87723432334764,-0.0468516397761221,0.566921971397408,-0.00297855978742234,0.0116933374609389,0.00399505731049032,-0.093482095757684,2.42759494781808e-05,-5.3191672205694e-05
5,0.08,1,8.40717622458614e-15,0.387681325182286,0.210573468255906,1.42445259805885,0.522195061157077,0.135856391502743,1.42445906603865,-0.134513735974792,0.0747170767531633,-6.4679797990852e-06,1.4210854715202e-14,493.629524939606,39.9004646897816,33.1488807398159,4,0,pinocchio,0,6.37047506039427,6.37047506039427,5.31030663829366,5.31030663829366,5.00000000000052,5.00000000000052,5.00000000000001,5.00000000000001,-0.0348847941612374,6.85111926018414,0.62236434308852,0.0143113270729964,-0.0995353102183501,-8.18209334920975e-05,6.37047506039427,6.37047506039427,6.37047506039427,6.37047506039427,5.31030663829366,5.31030663829366,5.31030663829366,5.31030663829366,5.00000000000052,5.00000000000052,5.00000000000052,5.00000000000052,5.00000000000001,5.00000000000001,5.00000000000001,5.00000000000001,-0.0391809175138746,-0.0348847941612374,-0.0347879650908851,6.85111926018414,0.0190914852793327,0.62236434308852,0.000898614538364484,0.0143113270729964,-0.00144157472125528,-0.0995353102183501,-1.3123949450744e-05,-8.18209334920975e-05
6,0.1,1,6.75786397360706e-15,0.401375453655951,0.202972581890627,1.42445558742239,0.522195061157077,0.135856391502743,1.42445906603865,-0.120819607501126,0.067116190387884,-3.47861625793477e-06,3.23772120225385e-10,493.668775781141,39.8968613274051,33.155048377032,4,0,pinocchio,0,6.24155073125437,6.24155073125437,6.33122421885923,6.33122421885923,5.00000000032377,5.00000000032377,5.00000000057349,5.00000000057349,-0.0933093029006762,6.844951622968,0.648959614675917,0.0151500285314053,-0.103138672594915,-9.54374859654561e-05,6.24155073125437,6.24155073125437,6.24155073125437,6.24155073125437,6.33122421885923,6.33122421885923,6.33122421885923,6.33122421885923,5.00000000032377,5.00000000032377,5.00000000032377,5.00000000032377,5.00000000057349,5.00000000057349,5.00000000057349,5.00000000057349,-0.0974631420525895,-0.0933093029006762,-0.0514351951774046,6.844951622968,0.0561389708232767,0.648959614675917,0.00303427251198229,0.0151500285314053,-0.00448029100331837,-0.103138672594915,-3.36031641481327e-05,-9.54374859654561e-05
7,0.12,1,7.60879136059918e-15,0.414425412782521,0.195733995609726,1.4244601527935,0.522195061157077,0.135856391502743,1.42445906603865,-0.107769648374556,0.0598776041069831,1.08675484900012e-06,3.4721647779179e-10,493.162793137767,39.8745953340044,33.1507385902061,4,0,pinocchio,0,6.17237123930653,6.17237123930653,6.83720686223266,6.83720686223266,5.00000000037249,5.00000000037249,5.00000000034722,5.00000000034722,-0.125404665995649,6.84926140979391,0.65860099375878,0.0149935419372053,-0.105253502851786,-0.000100409053050834,6.17237123930653,6.17237123930653,6.17237123930653,6.17237123930653,6.83720686223266,6.83720686223266,6.83720686223266,6.83720686223266,5.00000000037249,5.00000000037249,5.00000000037249,5.00000000037249,5.00000000034722,5.00000000034722,5.00000000034722,5.00000000034722,-0.129117097917863,-0.125404665995649,-0.0569169817936981,6.84926140979391,0.0757475654379292,0.65860099375878,0.00413919200165225,0.0149935419372053,-0.00608317146928528,-0.105253502851786,-4.40766616307542e-05,-0.000100409053050834
8,0.14,1,4.26372667400118e-15,0.426567148204642,0.189002750528824,1.42446542196729,0.522195061157077,0.135856391502743,1.42445906603865,-0.0956279129524349,0.0531463590260808,6.35592864139944e-06,3.46112472016102e-10,492.986224653125,39.8597576790508,33.1411531922213,4,0,pinocchio,0,6.14328872437182,6.14328872437182,7.01377534687467,7.01377534687467,5.00000000050792,5.00000000050792,5.00000000034611,5.00000000034611,-0.140242320949248,6.85884680777871,0.657864895755358,0.0142725100553782,-0.106409567486952,-0.000100081215753102,6.14328872437182,6.14328872437182,6.14328872437182,6.14328872437182,7.01377534687467,7.01377534687467,7.01377534687467,7.01377534687467,5.00000000050792,5.00000000050792,5.00000000050792,5.00000000050792,5.00000000034611,5.00000000034611,5.00000000034611,5.00000000034611,-0.143385503338067,-0.140242320949248,-0.0563373815494401,6.85884680777871,0.0842529341345184,0.657864895755358,0.00460048988129813,0.0142725100553782,-0.00677702020593074,-0.106409567486952,-4.83188141515711e-05,-0.000100081215753102
9,0.16,1,7.88394473912239e-15,0.437678520940241,0.18284513340679,1.42447065538542,0.522195061157077,0.135856391502743,1.42445906603865,-0.0845165402168367,0.0469887419040477,1.15893467722561e-05,6.08681993696791e-10,493.014505554906,39.8560041483926,33.1293835030215,4,0,pinocchio,0,6.14056238729294,6.14056238729294,6.98549444509365,6.98549444509365,5.00000000074061,5.00000000074061,5.00000000060868,5.00000000060868,-0.143995851607429,6.87061649697848,0.651069388684457,0.0132622057526631,-0.106958111752739,-9.66137378288592e-05,6.14056238729294,6.14056238729294,6.14056238729294,6.14056238729294,6.98549444509365,6.98549444509365,6.98549444509365,6.98549444509365,5.00000000074061,5.00000000074061,5.00000000074061,5.00000000074061,5.00000000060868,5.00000000060868,5.00000000060868,5.00000000060868,-0.146552310544884,-0.143995851607429,-0.0527563014354939,6.87061649697848,0.0858616479172269,0.651069388684457,0.00467095526064298,0.0132622057526631,-0.00690915037544215,-0.106958111752739,-4.8784993836648e-05,-9.66137378288592e-05
10,0.18,1,7.40443597775181e-15,0.447727428125551,0.177277716926373,1.42447533596843,0.522195061157077,0.135856391502743,1.42445906603865,-0.0744676330315266,0.0414213254236305,1.62699297743263e-05,1.08633813056258e-09,493.16462887981,39.8591523359282,33.1171670443639,4,0,pinocchio,0,6.15453771621818,6.15453771621818,6.83537112018983,6.83537112018983,5.00000000108634,5.00000000108634,5.00000000118402,5.00000000118402,-0.140847664071786,6.88283295563612,0.641005794975973,0.0121335430637154,-0.107129379114566,-9.13978513495897e-05,6.15453771621818,6.15453771621818,6.15453771621818,6.15453771621818,6.83537112018983,6.83537112018983,6.83537112018983,6.83537112018983,5.00000000108634,5.00000000108634,5.00000000108634,5.00000000108634,5.00000000118402,5.00000000118402,5.00000000118402,5.00000000118402,-0.142861453137208,-0.140847664071786,-0.0479183135547387,6.88283295563612,0.0833361482759543,0.641005794975973,0.00451317401462603,0.0121335430637154,-0.00670600434687429,-0.107129379114566,-4.70483502112984e-05,-9.13978513495897e-05
11,0.2,1,9.30058565424157e-15,0.456737078681816,0.172286709398769,1.4244791667812,0.522195061157077,0.135856391502743,1.42445906603865,-0.0654579824752615,0.0364303178960262,2.01007425484345e-05,1.55269308521611e-09,493.381845781966,39.8663906832915,33.1054187361074,4,0,pinocchio,0,6.17847832939034,6.17847832939034,6.61815421803413,6.61815421803413,5.00000000155269,5.00000000155269,5.00000000208164,5.00000000208164,-0.133609316708481,6.89458126389265,0.629447261277854,0.0109892108095418,-0.107072984042366,-8.53251984829378e-05,6.17847832939034,6.17847832939034,6.17847832939034,6.17847832939034,6.61815421803413,6.61815421803413,6.61815421803413,6.61815421803413,5.00000000155269,5.00000000155269,5.00000000155269,5.00000000155269,5.00000000208164,5.00000000208164,5.00000000208164,5.00000000208164,-0.135152727561177,-0.133609316708481,-0.0427689438696959,6.89458126389265,0.0784706861609408,0.629447261277854,0.00423030560342141,0.0109892108095418,-0.00631370758984673,-0.107072984042366,-4.4104623775354e-05,-8.53251984829378e-05
12,0.22,1,3.39818720023953e-15,0.464762947563825,0.167840730849071,1.42448202869581,0.522195061157077,0.135856391502743,1.42445906603865,-0.0574321135932528,0.0319843393463279,2.29626571568442e-05,4.59743354497277e-10,493.630560566852,39.8758505053352,33.0945736293827,4,0,pinocchio,0,6.20775319401688,6.20775319401688,6.36943943314763,6.36943943314763,5.00000000874778,5.00000000874778,5.00000000045974,5.00000000045974,-0.124149494664812,6.90542637061732,0.617494925736708,0.0098881937642588,-0.106885344497244,-7.89612596473823e-05,6.20775319401688,6.20775319401688,6.20775319401688,6.20775319401688,6.36943943314763,6.36943943314763,6.36943943314763,6.36943943314763,5.00000000874778,5.00000000874778,5.00000000874778,5.00000000874778,5.00000000045974,5.00000000045974,5.00000000045974,5.00000000045974,-0.125302687010027,-0.124149494664812,-0.0377882189665328,6.90542637061732,0.0724156763849777,0.617494925736708,0.00388685206431205,0.0098881937642588,-0.00582544818635,-0.106885344497244,-4.05762614406058e-05,-7.89612596473823e-05
13,0.24,1,6.88005664891279e-15,0.471877657171139,0.163899149156608,1.42448392829222,0.522195061157077,0.135856391502743,1.42445906603865,-0.0503174039859388,0.0280427576538656,2.48622535699017e-05,1.49486201195259e-09,493.76075354541,39.8863095644525,33.0847971904596,4,0,pinocchio,0,6.23924645458974,6.23924645458974,6.11189585962133,6.11189585962133,5.0000000321512,5.0000000321512,5.00000000149486,5.00000000149486,-0.113690435547526,6.9152028095404,0.605810426637501,0.0088619744249588,-0.106627991187422,-7.26577583756239e-05,6.23924645458974,6.23924645458974,6.23924645458974,6.23924645458974,6.11189585962133,6.11189585962133,6.11189585962133,6.11189585962133,5.0000000321512,5.0000000321512,5.0000000321512,5.0000000321512,5.00000000149486,5.00000000149486,5.00000000149486,5.00000000149486,-0.114530200304777,-0.113690435547526,-0.033194728913756,6.9152028095404,0.0658961292225797,0.605810426637501,0.0035223957098296,0.0088619744249588,-0.00529971545932284,-0.106627991187422,-3.68461024180533e-05,-7.26577583756239e-05
14,0.26,1,6.44668343733373e-15,0.478161219038745,0.160417430705461,1.4244849505994,0.522195061157077,0.135856391502743,1.42445906603865,-0.0440338421183327,0.0245610392027181,2.58845607461478e-05,9.20428355755121e-09,493.72907753819,39.8936603295028,33.076109910731,4,0,pinocchio,0,6.2709224618099,6.2709224618099,5.85951903091808,5.85951903091808,5.0000000654169,5.0000000654169,5.00000000920428,5.00000000920428,-0.103013431991625,6.92389008926899,0.594770709543452,0.00792504801359553,-0.106339670497176,-6.66260494999808e-05,6.2709224618099,6.2709224618099,6.2709224618099,6.2709224618099,5.85951903091808,5.85951903091808,5.85951903091808,5.85951903091808,5.0000000654169,5.0000000654169,5.0000000654169,5.0000000654169,5.00000000920428,5.00000000920428,5.00000000920428,5.00000000920428,-0.103607824102241,-0.103013431991625,-0.0290658713175418,6.92389008926899,0.059357669923024,0.594770709543452,0.00316057504962686,0.00792504801359553,-0.00477236324088182,-0.106339670497176,-3.31439353686847e-05,-6.66260494999808e-05
15,0.28,1,7.87980386398215e-15,0.483694881859578,0.157350493990761,1.42448522200941,0.522195061157077,0.135856391502743,1.42445906603865,-0.0385001792974995,0.0214941024880183,2.61559707608328e-05,4.37037073197644e-11,493.698494649991,39.8939556941601,33.0684591085182,4,0,pinocchio,0,6.30150535000934,6.30150535000934,5.62053114586176,5.62053114586176,5.0000000000437,5.0000000000437,5.00000000064535,5.00000000064535,-0.0926011515035562,6.93154089148181,0.584570464557493,0.00708165807227101,-0.106044305839854,-6.09854111242425e-05,6.30150535000934,6.30150535000934,6.30150535000934,6.30150535000934,5.62053114586176,5.62053114586176,5.62053114586176,5.62053114586176,5.0000000000437,5.0000000000437,5.0000000000437,5.0000000000437,5.00000000064535,5.00000000064535,5.00000000064535,5.00000000064535,-0.0930076185361912,-0.0926011515035562,-0.0254066058593523,6.93154089148181,0.0530636961483353,0.584570464557493,0.00281490518575112,0.00708165807227101,-0.00426456006074716,-0.106044305839854,-2.96022447230371e-05,-6.09854111242425e-05
16,0.3,1,6.34086113655032e-15,0.488557389497664,0.154654736232091,1.42448488392467,0.522195061157077,0.135856391502743,1.42445906603865,-0.0336376716594136,0.0187983447293485,2.58178860201852e-05,3.6614267173718e-11,493.669754588885,39.8942437781056,33.0617591869264,4,0,pinocchio,0,6.3302454111145,6.3302454111145,5.39935409822134,5.39935409822134,5.00000000268953,5.00000000268953,5.00000000003661,5.00000000003661,-0.0827359381108141,6.93824081307356,0.575289559677699,0.00633006390528371,-0.105756221894416,-5.57950433577042e-05,6.3302454111145,6.3302454111145,6.3302454111145,6.3302454111145,5.39935409822134,5.39935409822134,5.39935409822134,5.39935409822134,5.00000000268953,5.00000000268953,5.00000000268953,5.00000000268953,5.00000000003661,5.00000000003661,5.00000000003661,5.00000000003661,-0.0830013699621333,-0.0827359381108141,-0.02218764996055,6.93824081307356,0.047159802316159,0.575289559677699,0.00249253329550925,0.00633006390528371,-0.00378801821386077,-0.105756221894416,-2.62920403883982e-05,-5.57950433577042e-05
17,0.32,1,8.82565894161638e-15,0.492822834889949,0.152289186065807,1.4244840756292,0.522195061157077,0.135856391502743,1.42445906603865,-0.0293722262671287,0.0164327945630638,2.50095905525161e-05,4.86204854155403e-10,493.643250434994,39.8945164306121,33.0559135027421,4,0,pinocchio,0,6.35674956500606,6.35674956500606,5.19794710586295,5.19794710586295,5.0000000004862,5.0000000004862,5.00000000113237,5.00000000113237,-0.0735674781307346,6.94408649725794,0.566937215536567,0.0056652156061496,-0.105483569387929,-5.10753914330498e-05,6.35674956500606,6.35674956500606,6.35674956500606,6.35674956500606,5.19794710586295,5.19794710586295,5.19794710586295,5.19794710586295,5.0000000004862,5.0000000004862,5.0000000004862,5.0000000004862,5.00000000113237,5.00000000113237,5.00000000113237,5.00000000113237,-0.0737291992981355,-0.0735674781307346,-0.01936602287212,6.94408649725794,0.0417163831876977,0.566937215536567,0.00219665353569809,0.0056652156061496,-0.003348428950531,-0.105483569387929,-2.32458831064264e-05,-5.10753914330498e-05
18,0.34,1,8.34559735926157e-15,0.496559557553864,0.150216087777909,1.42448292426221,0.522195061157077,0.135856391502743,1.42445906603865,-0.0256355036032129,0.0143596962751661,2.38582235583262e-05,1.43804967933647e-11,493.619138817003,39.8947694327795,33.0508257265761,4,0,pinocchio,0,6.38086118299709,6.38086118299709,5.01670931080342,5.01670931080342,5.00000000001438,5.00000000001438,5.00000000033017,5.00000000033017,-0.0651591347030203,6.94917427342394,0.559480758531879,0.00508040918030083,-0.105230567220515,-4.68223957811157e-05,6.38086118299709,6.38086118299709,6.38086118299709,6.38086118299709,5.01670931080342,5.01670931080342,5.01670931080342,5.01670931080342,5.00000000001438,5.00000000001438,5.00000000001438,5.00000000001438,5.00000000033017,5.00000000033017,5.00000000033017,5.00000000033017,-0.0652462654553077,-0.0651591347030203,-0.0168956225136299,6.94917427342394,0.0367567048651836,0.559480758531879,0.0019280541871467,0.00508040918030083,-0.00294771433561181,-0.105230567220515,-2.04726747128348e-05,-4.68223957811157e-05
19,0.36,1,7.26773350196751e-15,0.499829711562806,0.148401122250978,1.42448153985239,0.522195061157077,0.135856391502743,1.42445906603865,-0.0223653495942709,0.012544730748235,2.24738137368785e-05,5.32907051820075e-15,493.555824297587,39.8951012684235,33.0458462810743,4,0,pinocchio,0,6.44417570241313,6.44417570241313,5.00000000000001,5.00000000000001,5.00000000000007,5.00000000000007,5.14090914526505,5.14090914526505,-0.0552493677974916,6.95415371892573,0.551606968063127,0.00450341296887328,-0.104898731576547,-4.23241126263411e-05,6.44417570241313,6.44417570241313,6.44417570241313,6.44417570241313,5.00000000000001,5.00000000000001,5.00000000000001,5.00000000000001,5.00000000000007,5.00000000000007,5.00000000000007,5.00000000000007,5.14090914526505,5.14090914526505,5.14090914526505,5.14090914526505,-0.0552842392226367,-0.0552493677974916,-0.0141732673464006,6.95415371892573,0.0310181035544232,0.551606968063127,0.00162122453576075,0.00450341296887328,-0.00248526251424863,-0.104898731576547,-1.72742416850724e-05,-4.23241126263411e-05
20,0.38,1,4.18370109772912e-15,0.502689235932322,0.14681337331506,1.42448000971771,0.522195061157077,0.135856391502743,1.42445906603865,-0.019505825224755,0.0109569818123169,2.09436790576945e-05,8.88178419700125e-16,493.489018213894,39.8952996209937,33.0421045365896,4,0,pinocchio,0,6.51098178610584,6.51098178610584,5.00000000000002,5.00000000000002,5,5,5.28947773701183,5.28947773701183,-0.0488634746475835,6.95789546341038,0.545928355560878,0.00405920873500819,-0.104700379006261,-3.89978379302302e-05,6.51098178610584,6.51098178610584,6.51098178610584,6.51098178610584,5.00000000000002,5.00000000000002,5.00000000000002,5.00000000000002,5,5,5,5,5.28947773701183,5.28947773701183,5.28947773701183,5.28947773701183,-0.0488641468489917,-0.0488634746475835,-0.0123848010742194,6.95789546341038,0.0271705803070503,0.545928355560878,0.00140855029065534,0.00405920873500819,-0.00217071545979053,-0.104700379006261,-1.5094900220447e-05,-3.89978379302302e-05
21,0.4,1,7.35212352391918e-15,0.505188138034981,0.145425268352028,1.42447841061511,0.522195061157077,0.135856391502743,1.42445906603865,-0.0170069231220964,0.00956887684928515,1.93445764615774e-05,0,493.429390119471,39.8954772221699,33.038845282365,4,0,pinocchio,0,6.57060988052885,6.57060988052885,5.00000000000001,5.00000000000001,5,5,5.42083301992645,5.42083301992645,-0.0431109711455951,6.96115471763502,0.540922557492085,0.00367186217316346,-0.104522777830151,-3.60501834834882e-05,6.57060988052885,6.57060988052885,6.57060988052885,6.57060988052885,5.00000000000001,5.00000000000001,5.00000000000001,5.00000000000001,5,5,5,5,5.42083301992645,5.42083301992645,5.42083301992645,5.42083301992645,-0.0430890647766304,-0.0431109711455951,-0.010810167548776,6.96115471763502,0.0237306906560377,0.540922557492085,0.00121933739890778,0.00367186217316346,-0.00188976817222652,-0.104522777830151,-1.31475304172568e-05,-3.60501834834882e-05
22,0.42,1,7.18567706869127e-15,0.507370850627317,0.144212301507332,1.42447680071449,0.522195061157077,0.135856391502743,1.42445906603865,-0.0148242105297606,0.00835591000458885,1.77346758425401e-05,5.64493340959871e-10,493.376450724696,39.8956352493664,33.0360079127749,4,0,pinocchio,0,6.62354927530408,6.62354927530408,5.00000000088511,5.00000000088511,5.00000000056449,5.00000000056449,5.53640225135714,5.53640225135714,-0.0379415373192028,6.96399208722507,0.536520955323388,0.00333492821974384,-0.104364750633617,-3.34478061676427e-05,6.62354927530408,6.62354927530408,6.62354927530408,6.62354927530408,5.00000000088511,5.00000000088511,5.00000000088511,5.00000000088511,5.00000000056449,5.00000000056449,5.00000000056449,5.00000000056449,5.53640225135714,5.53640225135714,5.53640225135714,5.53640225135714,-0.0379056011090171,-0.0379415373192028,-0.00942210996953463,6.96399208722507,0.0206641010006834,0.536520955323388,0.00105158239895076,0.00333492821974384,-0.0016396598713655,-0.104364750633617,-1.14129302062338e-05,-3.34478061676427e-05
23,0.44,1,7.71406543032002e-15,0.509276682652192,0.143152783672361,1.42447522267465,0.522195061157077,0.135856391502743,1.42445906603865,-0.0129183785048852,0.00729639216961808,1.61566359944132e-05,7.67398589118784e-10,493.329661934542,39.8957751419737,33.0335384761467,4,0,pinocchio,0,6.67033806545763,6.67033806545763,5.0000000007674,5.0000000007674,5.00000000097214,5.00000000097214,5.63765040328431,5.63765040328431,-0.0333012338542278,6.96646152385327,0.532657646312679,0.00304245473596344,-0.104224858026334,-3.11573116475441e-05,6.67033806545763,6.67033806545763,6.67033806545763,6.67033806545763,5.0000000007674,5.0000000007674,5.0000000007674,5.0000000007674,5.00000000097214,5.00000000097214,5.00000000097214,5.00000000097214,5.63765040328431,5.63765040328431,5.63765040328431,5.63765040328431,-0.0332574420884697,-0.0333012338542278,-0.00819662508222052,6.96646152385327,0.0179353181604398,0.532657646312679,0.000903246581842154,0.00304245473596344,-0.00141752285559704,-0.104224858026334,-9.87133740437685e-06,-3.11573116475441e-05
24,0.46,1,6.94992900335798e-15,0.510940294537147,0.142227580254537,1.42447370652875,0.522195061157077,0.135856391502743,1.42445906603865,-0.0112547666199305,0.00637118875179443,1.46404900944752e-05,0,493.288475139192,39.8958984342727,33.0313891841678,4,0,pinocchio,0,6.71152486080819,6.71152486080819,5,5,5,5,5.72600914808775,5.72600914808775,-0.0291361304997842,6.96861081583215,0.529270947585398,0.00278901864561576,-0.104101565727266,-2.91464045309199e-05,6.71152486080819,6.71152486080819,6.71152486080819,6.71152486080819,5,5,5,5,5,5,5,5,5.72600914808775,5.72600914808775,5.72600914808775,5.72600914808775,-0.0290888416724968,-0.0291361304997842,-0.00711274036584797,6.96861081583215,0.0155095956530076,0.529270947585398,0.000772351899350099,0.00278901864561576,-0.00122053906032704,-0.104101565727266,-8.50342180314101e-06,-2.91464045309199e-05
25,0.48,1,8.774789161361e-15,0.512392169242214,0.141419852065961,1.42447227226329,0.522195061157077,0.135856391502743,1.42445906603865,-0.0098028919148635,0.00556346056321788,1.32062246389619e-05,3.69445807280044e-10,493.25235539935,39.8960066530079,33.0295178248787,4,0,pinocchio,0,6.7476446006499,6.7476446006499,5.00000000840002,5.00000000840002,5.00000000036945,5.00000000036945,5.80283493665107,5.80283493665107,-0.0253945107862499,6.97048217512135,0.526304115243062,0.00256972367323104,-0.103993346992128,-2.73845623261844e-05,6.7476446006499,6.7476446006499,6.7476446006499,6.7476446006499,5.00000000840002,5.00000000840002,5.00000000840002,5.00000000840002,5.00000000036945,5.00000000036945,5.00000000036945,5.00000000036945,5.80283493665107,5.80283493665107,5.80283493665107,5.80283493665107,-0.025346708708156,-0.0253945107862499,-0.00615220630497504,6.97048217512135,0.0133540363438627,0.526304115243062,0.000657034515604948,0.00256972367323104,-0.0010460311869025,-0.103993346992128,-7.29085753903291e-06,-2.73845623261844e-05
26,0.5,1,7.25719844774786e-15,0.513659061967804,0.14071480840451,1.42447093204298,0.522195061157077,0.135856391502743,1.42445906603865,-0.00853599918927317,0.00485841690176747,1.18660043282315e-05,3.79438702680091e-11,493.220795932241,39.8961012571654,33.0278871626483,4,0,pinocchio,0,6.77920406775867,6.77920406775867,5.00000000003794,5.00000000003794,5.00000000215476,5.00000000215476,5.86938637584027,5.86938637584027,-0.0220281260884703,6.97211283735171,0.523705570743694,0.00238017625719862,-0.103898742834566,-2.58433916418154e-05,6.77920406775867,6.77920406775867,6.77920406775867,6.77920406775867,5.00000000003794,5.00000000003794,5.00000000003794,5.00000000003794,5.00000000215476,5.00000000215476,5.00000000215476,5.00000000215476,5.86938637584027,5.86938637584027,5.86938637584027,5.86938637584027,-0.0219817643668279,-0.0220281260884703,-0.00529917301947336,6.97211283735171,0.0114381744647503,0.523705570743694,0.000555571515349129,0.00238017625719862,-0.000891511412717705,-0.103898742834566,-6.21662510269516e-06,-2.58433916418154e-05
27,0.52,1,1.10020300272746e-14,0.5147644191127,0.140099477284393,1.42446969207765,0.522195061157077,0.135856391502743,1.42445906603865,-0.00743064204437716,0.00424308578165025,1.06260389935997e-05,0,493.193325917253,39.8961836050274,33.0264643676966,4,0,pinocchio,0,6.80667408274697,6.80667408274697,5.00000000000001,5.00000000000001,5,5,5.92681441657409,5.92681441657409,-0.0189928239609124,6.97353563230341,0.521428827261359,0.00221645007061241,-0.103816394972555,-2.44967757962427e-05,6.80667408274697,6.80667408274697,6.80667408274697,6.80667408274697,5.00000000000001,5.00000000000001,5.00000000000001,5.00000000000001,5,5,5,5,5.92681441657409,5.92681441657409,5.92681441657409,5.92681441657409,-0.0189490926573725,-0.0189928239609124,-0.00453988494837176,6.97353563230341,0.00973422574201521,0.521428827261359,0.000466390899461544,0.00221645007061241,-0.000754703014770541,-0.103816394972555,-5.26514190823946e-06,-2.44967757962427e-05
28,0.54,1,6.81906228984474e-15,0.515728762060063,0.139562495111154,1.42446855415343,0.522195061157077,0.135856391502743,1.42445906603865,-0.00646629909701391,0.00370610360841164,9.4881147747472e-06,6.1117333416405e-10,493.169513884041,39.8962549385787,33.0252204933626,4,0,pinocchio,0,6.83048611595934,6.83048611595934,5.00000000061117,5.00000000061117,5.00000002857784,5.00000002857784,5.9761604908635,5.9761604908635,-0.0162487717310921,6.9747795066374,0.51943224214947,0.00207504564196658,-0.103745061421313,-2.33208883664967e-05,6.83048611595934,6.83048611595934,6.83048611595934,6.83048611595934,5.00000000061117,5.00000000061117,5.00000000061117,5.00000000061117,5.00000002857784,5.00000002857784,5.00000002857784,5.00000002857784,5.9761604908635,5.9761604908635,5.9761604908635,5.9761604908635,-0.0162083022718349,-0.0162487717310921,-0.0038624065869115,6.9747795066374,0.00821713094433818,0.51943224214947,0.000388071478809593,0.00207504564196658,-0.000633545099979926,-0.103745061421313,-4.42228635222364e-06,-2.33208883664967e-05
29,0.56,1,8.22808435526315e-15,0.516570034539095,0.139093916405802,1.42446751686397,0.522195061157077,0.135856391502743,1.42445906603865,-0.00562502661798214,0.0032375249030594,8.45082531575336e-06,5.466536556753e-09,493.14896835774,39.8963163788644,33.0241300061894,4,0,pinocchio,0,6.85103164225957,6.85103164225957,5.00000000546654,5.00000000546654,5.00000003888122,5.00000003888122,6.01835976053211,6.01835976053211,-0.0137604233995959,6.97586999381061,0.517678675524053,0.0019528488955253,-0.103683621135551,-2.22941222873429e-05,6.85103164225957,6.85103164225957,6.85103164225957,6.85103164225957,5.00000000546654,5.00000000546654,5.00000000546654,5.00000000546654,5.00000003888122,5.00000003888122,5.00000003888122,5.00000003888122,6.01835976053211,6.01835976053211,6.01835976053211,6.01835976053211,-0.0137234450409025,-0.0137604233995959,-0.00325638164752462,6.97586999381061,0.00686447385994882,0.517678675524053,0.000319336822158789,0.0019528488955253,-0.000526187017797497,-0.103683621135551,-3.67535676559783e-06,-2.22941222873429e-05
30,0.58,1,4.73049488650948e-15,0.517303914263857,0.138685043145472,1.42446657658268,0.522195061157077,0.135856391502743,1.42445906603865,-0.00489114689322068,0.002828651642729,7.51054402980955e-06,1.26032517755448e-11,493.131336497763,39.8963689278527,33.0231703689013,4,0,pinocchio,0,6.86866350223707,6.86866350223707,5.0000000000126,5.0000000000126,5.00000000003582,5.00000000003582,6.0542472921698,6.0542472921698,-0.011496332447537,6.9768296310987,0.516135108586866,0.00184709102012622,-0.103631072147315,-2.13969702553857e-05,6.86866350223707,6.86866350223707,6.86866350223707,6.86866350223707,5.0000000000126,5.0000000000126,5.0000000000126,5.0000000000126,5.00000000003582,5.00000000003582,5.00000000003582,5.00000000003582,6.0542472921698,6.0542472921698,6.0542472921698,6.0542472921698,-0.0114627910665988,-0.011496332447537,-0.00271282470762202,6.9768296310987,0.00565632930322124,0.516135108586866,0.000259046101255933,0.00184709102012622,-0.000430976999268751,-0.103631072147315,-3.01299438376645e-06,-2.13969702553857e-05
31,0.6,1,8.55269029931537e-15,0.517944090694854,0.138328272675243,1.42446572821724,0.522195061157077,0.135856391502743,1.42445906603865,-0.00425097046222345,0.00247188117250038,6.66217859257578e-06,6.56208056781793e-08,493.116301518357,39.8964134742056,33.0223216725201,4,0,pinocchio,0,6.88369848164263,6.88369848164263,5.00000006562081,5.00000006562081,5.00000009863452,5.00000009863452,6.08456594661709,6.08456594661709,-0.00942887655388981,6.9776783274799,0.514772252112483,0.00175531075635199,-0.103586525794428,-2.06118777370228e-05,6.88369848164263,6.88369848164263,6.88369848164263,6.88369848164263,5.00000006562081,5.00000006562081,5.00000006562081,5.00000006562081,5.00000009863452,5.00000009863452,5.00000009863452,5.00000009863452,6.08456594661709,6.08456594661709,6.08456594661709,6.08456594661709,-0.00939852434849087,-0.00942887655388981,-0.00222394165559336,6.9776783274799,0.00457507400685842,0.514772252112483,0.00020618338415801,0.00175531075635199,-0.000346447662323612,-0.103586525794428,-2.42508648540252e-06,-2.06118777370228e-05
32,0.62,1,7.97115455088417e-15,0.518502511383218,0.138016962829296,1.42446496578488,0.522195061157077,0.135856391502743,1.42445906603865,-0.0036925497738598,0.00216057132655309,5.89974622555722e-06,6.85849048664977e-08,493.103580567757,39.8964508010065,33.0215663129499,4,0,pinocchio,0,6.89641943224285,6.89641943224285,5.0000000685849,5.0000000685849,5.00000010984228,5.00000010984228,6.10997431403195,6.10997431403195,-0.00753393708949725,6.97843368705005,0.513564165818566,0.00167531986572128,-0.103549198993551,-1.99230851883036e-05,6.89641943224285,6.89641943224285,6.89641943224285,6.89641943224285,5.0000000685849,5.0000000685849,5.0000000685849,5.0000000685849,5.00000010984228,5.00000010984228,5.00000010984228,5.00000010984228,6.10997431403195,6.10997431403195,6.10997431403195,6.10997431403195,-0.00750639994731017,-0.00753393708949725,-0.00178297502196045,6.97843368705005,0.003605183710782,0.513564165818566,0.000159846592694635,0.00167531986572128,-0.000271300344031999,-0.103549198993551,-1.90266244715076e-06,-1.99230851883036e-05
33,0.64,1,1.00589669681784e-14,0.518989599626085,0.137745312752559,1.42446428284271,0.522195061157077,0.135856391502743,1.42445906603865,-0.00320546153099277,0.00188892124981666,5.21680405518588e-06,5.05526358551833e-08,493.092920749722,39.8964815944372,33.0208887074085,4,0,pinocchio,0,6.90707925027846,6.90707925027846,5.00000005055264,5.00000005055264,5.00000009915637,5.00000009915637,6.13105572892005,6.13105572892005,-0.0057905655826781,6.97911129259146,0.512487899102108,0.00160517183004758,-0.103518405562847,-1.93164681184524e-05,6.90707925027846,6.90707925027846,6.90707925027846,6.90707925027846,5.00000005055264,5.00000005055264,5.00000005055264,5.00000005055264,5.00000009915637,5.00000009915637,5.00000009915637,5.00000009915637,6.13105572892005,6.13105572892005,6.13105572892005,6.13105572892005,-0.00576539339827065,-0.0057905655826781,-0.00138407072513758,6.97911129259146,0.00273302948853171,0.512487899102108,0.000119236594322558,0.00160517183004758,-0.000204389246597714,-0.103518405562847,-1.43778854067023e-06,-1.93164681184524e-05
34,0.66,1,7.99336154160914e-15,0.519414446215806,0.137508257894201,1.42446367280277,0.522195061157077,0.135856391502743,1.42445906603865,-0.00278061494127146,0.00165186639145787,4.60676412217254e-06,2.54552707801281e-08,493.084096442332,39.8965064526133,33.0202750457984,4,0,pinocchio,0,6.9159035576681,6.9159035576681,5.00000002545527,5.00000002545527,5.00000007240328,5.00000007240328,6.14832616551292,6.14832616551292,-0.00418065108632415,6.97972495420157,0.511523159031963,0.0015431338824557,-0.103493547386693,-1.87793821287294e-05,6.9159035576681,6.9159035576681,6.9159035576681,6.9159035576681,5.00000002545527,5.00000002545527,5.00000002545527,5.00000002545527,5.00000007240328,5.00000007240328,5.00000007240328,5.00000007240328,6.14832616551292,6.14832616551292,6.14832616551292,6.14832616551292,-0.00415735511602122,-0.00418065108632415,-0.00102216269122835,6.97972495420157,0.00194668162932743,0.511523159031963,8.3646913857649e-05,0.0015431338824557,-0.000144706154706853,-0.103493547386693,-1.02346663055641e-06,-1.87793821287294e-05
35,0.68,1,3.77267197479043e-15,0.519784977985321,0.137301377685891,1.42446312915655,0.522195061157077,0.135856391502743,1.42445906603865,-0.00241008317175606,0.00144498618314864,4.06311789546976e-06,7.37982208676158e-09,493.076906224428,39.8965258942219,33.0197130730328,4,0,pinocchio,0,6.92309377557224,6.92309377557224,5.00000000737982,5.00000000737982,5.00000004220591,5.00000004220591,6.16224196339166,6.16224196339166,-0.00268860237905946,6.98028692696718,0.510652007775368,0.00148766211724459,-0.103474105778112,-1.83005159491963e-05,6.92309377557224,6.92309377557224,6.92309377557224,6.92309377557224,5.00000000737982,5.00000000737982,5.00000000737982,5.00000000737982,5.00000004220591,5.00000004220591,5.00000004220591,5.00000004220591,6.16224196339166,6.16224196339166,6.16224196339166,6.16224196339166,-0.00266668278477766,-0.00268860237905946,-0.000692872812280143,6.98028692696718,0.00123572550089079,0.510652007775368,5.2454155749615e-05,0.00148766211724459,-9.1366035562146e-05,-0.103474105778112,-6.53538471340198e-07,-1.83005159491963e-05
36,0.7,1,6.45172183677234e-15,0.520108105697179,0.137120814508449,1.42446264562944,0.522195061157077,0.135856391502743,1.42445906603865,-0.00208695545989834,0.00126442300570584,3.57959079155812e-06,7.73204611448364e-10,493.071170103678,39.8965403667013,33.0191918983976,4,0,pinocchio,0,6.92882989632206,6.92882989632206,5.0000000007732,5.0000000007732,5.00000001940538,5.00000001940538,6.17320689522937,6.17320689522937,-0.00130104986998173,6.98080810160237,0.509858589642948,0.00143737948547008,-0.10345963329867,-1.786975488391e-05,6.92882989632206,6.92882989632206,6.92882989632206,6.92882989632206,5.0000000007732,5.0000000007732,5.0000000007732,5.0000000007732,5.00000001940538,5.00000001940538,5.00000001940538,5.00000001940538,6.17320689522937,6.17320689522937,6.17320689522937,6.17320689522937,-0.00128001586647031,-0.00130104986998173,-0.000392423778784234,6.98080810160237,0.000591091622958118,0.509858589642948,2.51092475949122e-05,0.00143737948547008,-4.35937317604385e-05,-0.10345963329867,-3.2259717386296e-07,-1.786975488391e-05
37,0.72,1,7.72887908810458e-15,0.520389853627683,0.136963202655772,1.42446221628199,0.522195061157077,0.135856391502743,1.42445906603865,-0.00180520752939484,0.00110681115302941,3.15024334218705e-06,8.12264033811516e-10,493.066726983573,39.8965502538698,33.0187018285211,4,0,pinocchio,0,6.93327301642746,6.93327301642746,5.00000000081226,5.00000000081226,5.00000000737263,5.00000000737263,6.18157859466758,6.18157859466758,-6.57078094261854e-06,6.98129817147893,0.509128886525286,0.00139105638986539,-0.103449746130186,-1.74780552212139e-05,6.93327301642746,6.93327301642746,6.93327301642746,6.93327301642746,5.00000000081226,5.00000000081226,5.00000000081226,5.00000000081226,5.00000000737263,5.00000000737263,5.00000000737263,5.00000000737263,6.18157859466758,6.18157859466758,6.18157859466758,6.18157859466758,1.40447725058834e-05,-6.57078094261854e-06,-0.000117562765211687,6.98129817147893,4.90056728352783e-06,0.509128886525286,1.12948558950166e-06,0.00139105638986539,-7.11789851948197e-07,-0.103449746130186,-2.59059191876077e-08,-1.74780552212139e-05
38,0.74,1,5.15701657478635e-15,0.520635472987062,0.136825606121515,1.4244618355709,0.522195061157077,0.135856391502743,1.42445906603865,-0.00155958817001545,0.000969214618772196,2.76953225308851e-06,0,493.063432383833,39.8965558829522,33.0182342213448,4,0,pinocchio,0,6.93656761616728,6.93656761616728,5,5,5,5,6.18767433141423,6.18767433141423,0.00120456091861341,6.98176577865523,0.508450500034207,0.00134759361426294,-0.10344411704775,-1.71173300107816e-05,6.93656761616728,6.93656761616728,6.93656761616728,6.93656761616728,5,5,5,5,5,5,5,5,6.18767433141423,6.18767433141423,6.18767433141423,6.18767433141423,0.00122519108503383,0.00120456091861341,0.000134505305773303,6.98176577865523,-0.00052967735383902,0.508450500034207,-1.99086489658384e-05,0.00134759361426294,3.78705772732246e-05,-0.10344411704775,2.40675895213371e-07,-1.71173300107816e-05
39,0.76,1,7.14137090045003e-15,0.520849541104016,0.136705464152845,1.42446149838055,0.522195061157077,0.135856391502743,1.42445906603865,-0.00134552005306132,0.000849072650102228,2.43234189745145e-06,9.72555369571637e-13,493.061156402643,39.8965575310062,33.0177813581245,4,0,pinocchio,0,6.93884359735665,6.93884359735665,5.00000000002639,5.00000000002639,5.00000000000097,5.00000000000097,6.19177616500361,6.19177616500361,0.00234060055000066,6.98221864187546,0.507812458128291,0.00130600733636808,-0.103442468993788,-1.67803457769288e-05,6.93884359735665,6.93884359735665,6.93884359735665,6.93884359735665,5.00000000002639,5.00000000002639,5.00000000002639,5.00000000002639,5.00000000000097,5.00000000000097,5.00000000000097,5.00000000000097,6.19177616500361,6.19177616500361,6.19177616500361,6.19177616500361,0.00236163698551195,0.00234060055000066,0.000366176652448758,6.98221864187546,-0.00101854836393045,0.507812458128291,-3.83759489537283e-05,0.00130600733636808,7.26674442645958e-05,-0.103442468993788,4.80759538845632e-07,-1.67803457769288e-05
40,0.78,1,7.80355622818264e-15,0.521036048098796,0.136600543624873,1.42446120003302,0.522195061157077,0.135856391502743,1.42445906603865,-0.00115901305828103,0.000744152122130193,2.13399437098971e-06,4.67068161924544e-10,493.059781960156,39.8965554307757,33.0173363317045,4,0,pinocchio,0,6.94021803984392,6.94021803984392,5.00000002611886,5.00000002611886,5.00000000046707,5.00000000046707,6.19413548840567,6.19413548840567,0.00340853465511708,6.98266366829553,0.507205044100875,0.00126541596981421,-0.103444569224283,-1.64606298217211e-05,6.94021803984392,6.94021803984392,6.94021803984392,6.94021803984392,5.00000002611886,5.00000002611886,5.00000002611886,5.00000002611886,5.00000000046707,5.00000000046707,5.00000000046707,5.00000000046707,6.19413548840567,6.19413548840567,6.19413548840567,6.19413548840567,0.00343032259149822,0.00340853465511708,0.000579500291919999,6.98266366829553,-0.00146680828250823,0.507205044100875,-5.45962921449927e-05,0.00126541596981421,0.000104125119740672,-0.103444569224283,6.97487109846406e-07,-1.64606298217211e-05
41,0.8,1,9.58812758652598e-15,0.521198472577301,0.136508897398385,1.42446093628312,0.522195061157077,0.135856391502743,1.42445906603865,-0.000996588579776692,0.000652505895642058,1.87024446973716e-06,3.308375795541e-11,493.059203293509,39.8965497760399,33.0168929485637,4,0,pinocchio,0,6.94079670649148,6.94079670649148,5.00000000003308,5.00000000003308,5.0000000002989,5.0000000002989,6.19497687608902,6.19497687608902,0.00441426131619159,6.98310705143633,0.506619645276781,0.00122502860210537,-0.103450223960062,-1.61523868413507e-05,6.94079670649148,6.94079670649148,6.94079670649148,6.94079670649148,5.00000000003308,5.00000000003308,5.00000000003308,5.00000000003308,5.0000000002989,5.0000000002989,5.0000000002989,5.0000000002989,6.19497687608902,6.19497687608902,6.19497687608902,6.19497687608902,0.0044370962640059,0.00441426131619159,0.000776223925974762,6.98310705143633,-0.00187884387039361,0.506619645276781,-6.88518811529093e-05,0.00122502860210537,0.000132630196887362,-0.103450223960062,8.93586069139474e-07,-1.61523868413507e-05
42,0.82,1,5.7516056788728e-15,0.521339847702619,0.136428827917212,1.42446070330301,0.522195061157077,0.135856391502743,1.42445906603865,-0.000855213454458825,0.000572436414469024,1.63726435364886e-06,2.10826911484219e-11,493.059324536043,39.8965407263923,33.0164456437776,4,0,pinocchio,0,6.94067546395691,6.94067546395691,5.00000000002108,5.00000000002108,5.00000000009383,5.00000000009383,6.19450182763076,6.19450182763076,0.00536274825346569,6.98355435622244,0.506048620615527,0.00118413490353517,-0.103459273607655,-1.58504252709504e-05,6.94067546395691,6.94067546395691,6.94067546395691,6.94067546395691,5.00000000002108,5.00000000002108,5.00000000002108,5.00000000002108,5.00000000009383,5.00000000009383,5.00000000009383,5.00000000009383,6.19450182763076,6.19450182763076,6.19450182763076,6.19450182763076,0.00538687398752558,0.00536274825346569,0.000957833964505994,6.98355435622244,-0.00225842223890993,0.506048620615527,-8.13879011900553e-05,0.00118413490353517,0.000158516685317522,-0.103459273607655,1.07141749339235e-06,-1.58504252709504e-05
43,0.84,1,9.62511025242162e-15,0.521462818841051,0.136358855393503,1.42446049766021,0.522195061157077,0.135856391502743,1.42445906603865,-0.00073224231602631,0.00050246389076064,1.43162156152066e-06,1.1361578344804e-11,493.060058675702,39.8965284116789,33.0159894062344,4,0,pinocchio,0,6.93994132429826,6.93994132429826,5.00000000002975,5.00000000002975,5.00000000001136,5.00000000001136,6.19289149982258,6.19289149982258,0.00625817328325677,6.98401059376559,0.505485183151506,0.00114209619716807,-0.103471588321087,-1.55500908758289e-05,6.93994132429826,6.93994132429826,6.93994132429826,6.93994132429826,5.00000000002975,5.00000000002975,5.00000000002975,5.00000000002975,5.00000000001136,5.00000000001136,5.00000000001136,5.00000000001136,6.19289149982258,6.19289149982258,6.19289149982258,6.19289149982258,0.0062837807872711,0.00625817328325677,0.00112559149886238,6.98401059376559,-0.00260877149771233,0.505485183151506,-9.2416787722982e-05,0.00114209619716807,0.000182072490815699,-0.103471588321087,1.233020263669e-06,-1.55500908758289e-05
44,0.86,1,5.10591082626868e-15,0.52156969383553,0.13629769000488,1.42446031629166,0.522195061157077,0.135856391502743,1.42445906603865,-0.000625367321547499,0.000441298502136978,1.25025300956594e-06,5.10791409169542e-12,493.061326529468,39.8965129359478,33.0155197139733,4,0,pinocchio,0,6.93867347053232,6.93867347053232,5.00000000005276,5.00000000005276,5.00000000000511,5.00000000000511,6.19030944141945,6.19030944141945,0.00710404592179404,6.98448028602669,0.50492329762529,0.00109833767270343,-0.103487064052183,-1.52472084565111e-05,6.93867347053232,6.93867347053232,6.93867347053232,6.93867347053232,5.00000000005276,5.00000000005276,5.00000000005276,5.00000000005276,5.00000000000511,5.00000000000511,5.00000000000511,5.00000000000511,6.19030944141945,6.19030944141945,6.19030944141945,6.19030944141945,0.00713127305721883,0.00710404592179404,0.00128056358449413,6.98448028602669,-0.00293265148458488,0.50492329762529,-0.000102122016556905,0.00109833767270343,0.00020354513087284,-0.103487064052183,1.38015003869896e-06,-1.52472084565111e-05
45,0.88,1,6.84555256793687e-15,0.521662486832024,0.136244207600564,1.42446015647562,0.522195061157077,0.135856391502743,1.42445906603865,-0.000532574325053492,0.000387816097820959,1.09043697116284e-06,2.1405099914773e-13,493.063055923174,39.8964943810642,33.0150324776415,4,0,pinocchio,0,6.93694407682593,6.93694407682593,5.00000000000038,5.00000000000038,5.00000000000021,5.00000000000021,6.18690379397764,6.18690379397764,0.00790331358606853,6.98496752235848,0.504357590365736,0.00105234152346659,-0.103505618935816,-1.49380298774777e-05,6.93694407682593,6.93694407682593,6.93694407682593,6.93694407682593,5.00000000000038,5.00000000000038,5.00000000000038,5.00000000000038,5.00000000000021,5.00000000000021,5.00000000000021,5.00000000000021,6.18690379397764,6.18690379397764,6.18690379397764,6.18690379397764,0.0079322453146986,0.00790331358606853,0.00142365115000587,6.98496752235848,-0.00323241681888931,0.504357590365736,-0.000110661546926849,0.00105234152346659,0.000223146871611846,-0.103505618935816,1.51431451911321e-06,-1.49380298774777e-05
46,0.9,1,6.41914537166944e-15,0.521742956469949,0.136197428473882,1.42446001580305,0.522195061157077,0.135856391502743,1.42445906603865,-0.000452104687128418,0.00034103697113877,9.49764400459685e-07,2.41455699878657e-08,493.065180934076,39.8964728099597,33.0145239917315,4,0,pinocchio,0,6.93481906592372,6.93481906592372,5.0000000425209,5.0000000425209,5.00000002414557,5.00000002414557,6.18280924159948,6.18280924159948,0.00865845247668516,6.9854760082685,0.503783270775633,0.00100364092952419,-0.103527190040318,-1.46191883757122e-05,6.93481906592372,6.93481906592372,6.93481906592372,6.93481906592372,5.0000000425209,5.0000000425209,5.0000000425209,5.0000000425209,5.00000002414557,5.00000002414557,5.00000002414557,5.00000002414557,6.18280924159948,6.18280924159948,6.18280924159948,6.18280924159948,0.00868912151525336,0.00865845247668516,0.00155561325584586,6.9854760082685,-0.00351007230528921,0.503783270775633,-0.000118170915072824,0.00100364092952419,0.00024105928525131,-0.103527190040318,1.63680476816808e-06,-1.46191883757122e-05
47,0.92,1,8.13716582612092e-15,0.521812639148615,0.136156498818751,1.42445989214929,0.522195061157077,0.135856391502743,1.42445906603865,-0.000382422008462613,0.00030010731600838,8.26110636786836e-07,7.43405337289005e-13,493.067641494831,39.8964482696273,33.0139908918151,4,0,pinocchio,0,6.93235850516904,6.93235850516904,5.00000000000074,5.00000000000074,5.00000000000285,5.00000000000285,6.17814837955271,6.17814837955271,0.00937154636523882,6.98600910818488,0.503196062125762,0.000951814728993796,-0.103551730372688,-1.42876577611131e-05,6.93235850516904,6.93235850516904,6.93235850516904,6.93235850516904,5.00000000000074,5.00000000000074,5.00000000000074,5.00000000000074,5.00000000000285,5.00000000000285,5.00000000000285,5.00000000000285,6.17814837955271,6.17814837955271,6.17814837955271,6.17814837955271,0.00940393418565577,0.00937154636523882,0.00167708893871321,6.98600910818488,-0.00376732244038891,0.503196062125762,-0.000124766067244764,0.000951814728993796,0.000257437365021929,-0.103551730372688,1.74872371161428e-06,-1.42876577611131e-05
48,0.94,1,9.38323636646189e-15,0.521872877991552,0.136120674529342,1.42445978364671,0.522195061157077,0.135856391502743,1.42445906603865,-0.000322183165525125,0.000264283026599588,7.17608058087293e-07,2.92530444312433e-11,493.070382467683,39.8964207937162,33.0134301182428,4,0,pinocchio,0,6.92961753231685,6.92961753231685,5.00000000013494,5.00000000013494,5.00000000002925,5.00000000002925,6.17303357326487,6.17303357326487,0.0100443526626822,6.98656988175717,0.502592142354753,0.000896482821047043,-0.103579206283834,-1.39407173779271e-05,6.92961753231685,6.92961753231685,6.92961753231685,6.92961753231685,5.00000000013494,5.00000000013494,5.00000000013494,5.00000000013494,5.00000000002925,5.00000000002925,5.00000000002925,5.00000000002925,6.17303357326487,6.17303357326487,6.17303357326487,6.17303357326487,0.0100783907777355,0.0100443526626822,0.00178861568232946,6.98656988175717,-0.00400561384054754,0.502592142354753,-0.000130545827396134,0.000896482821047043,0.000272413076608302,-0.103579206283834,1.85101069405391e-06,-1.39407173779271e-05
49,0.96,1,6.83731656736492e-15,0.521924848054339,0.136089307051628,1.42445968865884,0.522195061157077,0.135856391502743,1.42445906603865,-0.000270213102738226,0.000232915548885604,6.2262018896142e-07,7.90663845506856e-08,493.073353490283,39.8963904050128,33.012838884214,4,0,pinocchio,0,6.92664650971701,6.92664650971701,5.00000007906638,5.00000007906638,5.00000008613584,5.00000008613584,6.16756770373321,6.16756770373321,0.0106783586851367,6.98716111578604,0.501968091216065,0.000837302000634696,-0.103609594987176,-1.35759202089344e-05,6.92664650971701,6.92664650971701,6.92664650971701,6.92664650971701,5.00000007906638,5.00000007906638,5.00000007906638,5.00000007906638,5.00000008613584,5.00000008613584,5.00000008613584,5.00000008613584,6.16756770373321,6.16756770373321,6.16756770373321,6.16756770373321,0.0107139301769976,0.0106783586851367,0.00189064618447077,6.98716111578604,-0.00422617383658519,0.501968091216065,-0.000135594247694826,0.000837302000634696,0.000286098654115108,-0.103609594987176,1.94446447920882e-06,-1.35759202089344e-05
50,0.98,1,7.97140354595299e-15,0.521969578252466,0.136061831029075,1.42445960575612,0.522195061157077,0.135856391502743,1.42445906603865,-0.000225482904611773,0.000205439526332341,5.39717470049439e-07,7.84998555047878e-09,493.076508878858,39.8963571174957,33.0122146487947,4,0,pinocchio,0,6.92349112114246,6.92349112114246,5.00000000784999,5.00000000784999,5.00000009083025,5.00000009083025,6.16184490649941,6.16184490649941,0.0112748275475832,6.98778535120529,0.501320846135416,0.000773962439139763,-0.103642882504251,-1.31910661724027e-05,6.92349112114246,6.92349112114246,6.92349112114246,6.92349112114246,5.00000000784999,5.00000000784999,5.00000000784999,5.00000000784999,5.00000009083025,5.00000009083025,5.00000009083025,5.00000009083025,6.16184490649941,6.16184490649941,6.16184490649941,6.16184490649941,0.0113117688104722,0.0112748275475832,0.00198356245452658,6.98778535120529,-0.00443004249589052,0.501320846135416,-0.000139982580506626,0.000773962439139763,0.000298589346876099,-0.103642882504251,2.029762427469e-06,-1.31910661724027e-05
51,1,1,8.57136310776558e-15,0.522007970425958,0.136037753517099,1.42445953369341,0.522195061157077,0.135856391502743,1.42445906603865,-0.000187090731119333,0.000181362014356395,4.67654756919345e-07,7.18991710613182e-09,493.079806554267,39.8963209384083,33.0115550932242,4,0,pinocchio,0,6.92019344573307,6.92019344573307,5.00000000718992,5.00000000718992,5.00000009106305,5.00000009106305,6.15595219360257,6.15595219360257,0.0118348384538872,6.98844490677581,0.500647661551632,0.000706184408015787,-0.103679061591721,-1.27841770874247e-05,6.92019344573307,6.92019344573307,6.92019344573307,6.92019344573307,5.00000000718992,5.00000000718992,5.00000000718992,5.00000000718992,5.00000009106305,5.00000009106305,5.00000009106305,5.00000009106305,6.15595219360257,6.15595219360257,6.15595219360257,6.15595219360257,0.0118729411296741,0.0118348384538872,0.00206768857785278,6.98844490677581,-0.00461810298754273,0.500647661551632,-0.000143771236082557,0.000706184408015787,0.000309966079619528,-0.103679061591721,2.10747918316656e-06,-1.27841770874247e-05
52,1.02,1,7.22465907889762e-15,0.522040815906009,0.136016644573646,1.42445947138934,0.522195061157077,0.135856391502743,1.42445906603865,-0.00015424525106833,0.000160253070902949,4.05350690568795e-07,1.15463194561016e-14,493.083208439331,39.8962818698285,33.0108581013356,4,0,pinocchio,0,6.9167915606689,6.9167915606689,5.00000000000001,5.00000000000001,5.00000000000022,5.00000000000022,6.14996925318606,6.14996925318606,0.0123593161282596,6.98914189866445,0.499946076813016,0.000633715605221829,-0.103718130171494,-1.23534767700092e-05,6.9167915606689,6.9167915606689,6.9167915606689,6.9167915606689,5.00000000000001,5.00000000000001,5.00000000000001,5.00000000000001,5.00000000000022,5.00000000000022,5.00000000000022,5.00000000000022,6.14996925318606,6.14996925318606,6.14996925318606,6.14996925318606,0.0123983292211705,0.0123593161282596,0.00214330100884297,6.98914189866445,-0.00479110492251777,0.499946076813016,-0.00014701132926831,0.000633715605221829,0.000320297520680413,-0.103718130171494,2.17810122649098e-06,-1.23534767700092e-05
53,1.04,1,5.51640313700728e-15,0.522068809901924,0.135998129052444,1.42445941790746,0.522195061157077,0.135856391502743,1.42445906603865,-0.000126251255153642,0.00014173754970101,3.51868811643286e-07,0,493.086679621371,39.8962399102407,33.0101217423931,4,0,pinocchio,0,6.91332037862899,6.91332037862899,5.00000000000001,5.00000000000001,5,5,6.14396946787156,6.14396946787156,0.012849056626303,6.98987825760693,0.499213886613418,0.000556328671744857,-0.103760089759253,-1.18973723860336e-05,6.91332037862899,6.91332037862899,6.91332037862899,6.91332037862899,5.00000000000001,5.00000000000001,5.00000000000001,5.00000000000001,5,5,5,5,6.14396946787156,6.14396946787156,6.14396946787156,6.14396946787156,0.0128886887846136,0.012849056626303,0.00221063785411246,6.98987825760693,-0.00494968645818972,0.499213886613418,-0.000149746200037271,0.000556328671744857,0.000329642075968195,-0.103760089759253,2.24204101328951e-06,-1.18973723860336e-05
54,1.06,1,9.47578317504491e-15,0.522092563987529,0.135981879450845,1.42445937243904,0.522195061157077,0.135856391502743,1.42445906603865,-0.000102497169548577,0.000125487948102493,3.06400392391382e-07,8.88178419700125e-16,493.090188720742,39.8961950558848,33.0093442564953,4,0,pinocchio,0,6.90981127925849,6.90981127925849,5.00000000000001,5.00000000000001,5,5,6.13802013227644,6.13802013227644,0.0133047477526548,6.99065574350469,0.498449115931175,0.000473819041912227,-0.103804944115195,-1.14144386118451e-05,6.90981127925849,6.90981127925849,6.90981127925849,6.90981127925849,5.00000000000001,5.00000000000001,5.00000000000001,5.00000000000001,5,5,5,5,6.13802013227644,6.13802013227644,6.13802013227644,6.13802013227644,0.013344669708701,0.0133047477526548,0.00226990676668493,6.99065574350469,-0.00509439298768655,0.498449115931175,-0.000152012737281382,0.000473819041912227,0.000338049597367274,-0.103804944115195,2.29964901166113e-06,-1.14144386118451e-05
55,1.08,1,8.45968101209288e-15,0.52211261693049,0.135967609681792,1.42445933428754,0.522195061157077,0.135856391502743,1.42445906603865,-8.24442265872083e-05,0.000111218179049244,2.68248887103084e-07,2.23483365147104e-09,493.093707298682,39.8961473018944,33.00852404234,4,0,pinocchio,0,6.9062927013182,6.9062927013182,5.00000000223483,5.00000000223483,5.00000000580242,5.00000000580242,6.1321829065618,6.1321829065618,0.0137269839994144,6.99147595766,0.497649999100176,0.000386003084187177,-0.103852698105562,-1.09034040797652e-05,6.9062927013182,6.9062927013182,6.9062927013182,6.9062927013182,5.00000000223483,5.00000000223483,5.00000000223483,5.00000000223483,5.00000000580242,5.00000000580242,5.00000000580242,5.00000000580242,6.1321829065618,6.1321829065618,6.1321829065618,6.1321829065618,0.0137668311599413,0.0137269839994144,0.00232129146176163,6.99147595766,-0.00522569260223094,0.497649999100176,-0.000153842526650294,0.000386003084187177,0.000345562827831714,-0.103852698105562,2.35122403324795e-06,-1.09034040797652e-05
56,1.1,1,3.4378204727125e-15,0.522129444077927,0.135955069654949,1.42445930285452,0.522195061157077,0.135856391502743,1.42445906603865,-6.56170791507593e-05,9.86781522057112e-05,2.36815865362061e-07,1.83480075577336e-09,493.097209798688,39.8960966433439,33.0076596467898,4,0,pinocchio,0,6.902790201312,6.902790201312,5.0000000018348,5.0000000018348,5.00000000408943,5.00000000408943,6.12651405749499,6.12651405749499,0.014116278498556,6.99234035321018,0.496814961320262,0.000292716426617464,-0.103903356656072,-1.03631393004516e-05,6.902790201312,6.902790201312,6.902790201312,6.902790201312,5.0000000018348,5.0000000018348,5.0000000018348,5.0000000018348,5.00000000408943,5.00000000408943,5.00000000408943,5.00000000408943,6.12651405749499,6.12651405749499,6.12651405749499,6.12651405749499,0.0141556536777117,0.014116278498556,0.00236495725342678,6.99234035321018,-0.00534398986777518,0.496814961320262,-0.000155262909594001,0.000292716426617464,0.000352218711249463,-0.103903356656072,2.39702256266128e-06,-1.03631393004516e-05
57,1.12,1,7.74472867400619e-15,0.522143465484557,0.135944040568091,1.42445927762702,0.522195061157077,0.135856391502743,1.42445906603865,-5.15956725202216e-05,8.76490653476947e-05,2.11588369047888e-07,1.52256607321988e-09,493.10067333435,39.8960430760718,33.0067497561135,4,0,pinocchio,0,6.89932666564982,6.89932666564982,5.00000000152257,5.00000000152257,5.00000000287718,5.00000000287718,6.1210647128613,6.1210647128613,0.0144730715021857,6.9932502438865,0.495942603654199,0.000193812555377631,-0.103956923928177,-9.79264679937694e-06,6.89932666564982,6.89932666564982,6.89932666564982,6.89932666564982,5.00000000152257,5.00000000152257,5.00000000152257,5.00000000152257,5.00000000287718,5.00000000287718,5.00000000287718,5.00000000287718,6.1210647128613,6.1210647128613,6.1210647128613,6.1210647128613,0.0145115477897946,0.0144730715021857,0.00240105559287684,6.9932502438865,-0.00544963673311827,0.495942603654199,-0.000156297848413089,0.000193812555377631,0.000358049444507458,-0.103956923928177,2.43726625370755e-06,-9.79264679937694e-06
58,1.14,1,6.11133386186275e-15,0.522155052946251,0.135934330819897,1.42445925816619,0.522195061157077,0.135856391502743,1.42445906603865,-4.00082108263922e-05,7.79393171544129e-05,1.9212753854525e-07,1.27205890265714e-09,493.104077573615,39.8959865974583,33.0057931883897,4,0,pinocchio,0,6.89592242638478,6.89592242638478,5.00000000127206,5.00000000127206,5.00000000206459,5.00000000206459,6.11588102588166,6.11588102588166,0.014797736888565,6.99420681161029,0.495031689514826,8.91615241866946e-05,-0.104013402541661,-9.19105207570997e-06,6.89592242638478,6.89592242638478,6.89592242638478,6.89592242638478,5.00000000127206,5.00000000127206,5.00000000127206,5.00000000127206,5.00000000206459,5.00000000206459,5.00000000206459,5.00000000206459,6.11588102588166,6.11588102588166,6.11588102588166,6.11588102588166,0.0148348606457347,0.014797736888565,0.00242972800538865,6.99420681161029,-0.00554294245808507,0.495031689514826,-0.000156968746260588,8.91615241866946e-05,0.00036308345501368,-0.104013402541661,2.47214890691794e-06,-9.19105207570997e-06
59,1.16,1,7.86936107953661e-15,0.52216453608136,0.135925772467431,1.42445924409704,0.522195061157077,0.135856391502743,1.42445906603865,-3.05250757174358e-05,6.93809646883092e-05,1.78058387589886e-07,1.07463726806145e-09,493.107404592959,39.8959272070469,33.0047888872572,4,0,pinocchio,0,6.89259540704078,6.89259540704078,5.00000000107464,5.00000000107464,5.00000000153285,5.00000000153285,6.11100432844589,6.11100432844589,0.0150905866038864,6.99521111274279,0.494081133494716,-2.13511441982861e-05,-0.104072792953097,-8.55759606039467e-06,6.89259540704078,6.89259540704078,6.89259540704078,6.89259540704078,5.00000000107464,5.00000000107464,5.00000000107464,5.00000000107464,5.00000000153285,5.00000000153285,5.00000000153285,5.00000000153285,6.11100432844589,6.11100432844589,6.11100432844589,6.11100432844589,0.0151258805780827,0.0150905866038864,0.00245110913684243,6.99521111274279,-0.005624181610834,0.494081133494716,-0.000157295128687451,-2.13511441982861e-05,0.000367346200398799,-0.104072792953097,2.50184218231198e-06,-8.55759606039467e-06
60,1.18,1,9.4280266369462e-15,0.522172207584269,0.135918218160392,1.42445923509931,0.522195061157077,0.135856391502743,1.42445906603865,-2.28535728087342e-05,6.18266576488113e-05,1.69060654364728e-07,9.26740462148246e-10,493.110638753868,39.8958649070755,33.0037359164654,4,0,pinocchio,0,6.88936124613184,6.88936124613184,5.00000000092674,5.00000000092674,5.000000001176,5.000000001176,6.10647125288472,6.10647125288472,0.015351873834347,6.99626408353465,0.493089991691803,-0.000137825430345169,-0.104135092924509,-7.89162855393139e-06,6.88936124613184,6.88936124613184,6.88936124613184,6.88936124613184,5.00000000092674,5.00000000092674,5.00000000092674,5.00000000092674,5.000000001176,5.000000001176,5.000000001176,5.000000001176,6.10647125288472,6.10647125288472,6.10647125288472,6.10647125288472,0.0153848403855363,0.015351873834347,0.00246532936969146,6.99626408353465,-0.0056936009013242,0.493089991691803,-0.000157295242850353,-0.000137825430345169,0.000370860861202971,-0.104135092924509,2.52650050924785e-06,-7.89162855393139e-06
61,1.2,1,6.70935263437601e-15,0.522178327759937,0.135911538492408,1.42445923089926,0.522195061157077,0.135856391502743,1.42445906603865,-1.67333971401451e-05,5.51469896648005e-05,1.64860610274431e-07,8.17776069084175e-10,493.113766592324,39.8957997029167,33.0026334552372,4,0,pinocchio,0,6.88623340767574,6.88623340767574,5.00000000081778,5.00000000081778,5.00000000093928,5.00000000093928,6.10231383484,6.10231383484,0.0155817953582106,6.99736654476277,0.49205745336818,-0.000260347669856535,-0.104200297083267,-7.1926025377477e-06,6.88623340767574,6.88623340767574,6.88623340767574,6.88623340767574,5.00000000081778,5.00000000081778,5.00000000081778,5.00000000081778,5.00000000093928,5.00000000093928,5.00000000093928,5.00000000093928,6.10231383484,6.10231383484,6.10231383484,6.10231383484,0.0156119197873394,0.0155817953582106,0.00247251692245953,6.99736654476277,-0.00575142494530922,0.49205745336818,-0.000156986571404616,-0.000260347669856535,0.000373648929965498,-0.104200297083267,2.54626525020285e-06,-7.1926025377477e-06
62,1.22,1,6.98147288492226e-15,0.522183128434271,0.135905619716312,1.42445923126239,0.522195061157077,0.135856391502743,1.42445906603865,-1.19327228061961e-05,4.92282135694522e-05,1.65223735137943e-07,7.41332328857425e-10,493.116776718393,39.8957316034397,33.0014807943649,4,0,pinocchio,0,6.8832232816067,6.8832232816067,5.00000000074133,5.00000000074133,5.00000000078719,5.00000000078719,6.0985596029304,6.0985596029304,0.0157804933407847,6.99851920563511,0.490982833689354,-0.000388991303859359,-0.104268396560327,-6.46006918922979e-06,6.8832232816067,6.8832232816067,6.8832232816067,6.8832232816067,5.00000000074133,5.00000000074133,5.00000000074133,5.00000000074133,5.00000000078719,5.00000000078719,5.00000000078719,5.00000000078719,6.0985596029304,6.0985596029304,6.0985596029304,6.0985596029304,0.0158072473114572,0.0157804933407847,0.00247279945071455,6.99851920563511,-0.00579786115378056,0.490982833689354,-0.000156386273367559,-0.000388991303859359,0.000375730713372491,-0.104268396560327,2.56126824638159e-06,-6.46006918922979e-06
63,1.24,1,4.98154369054659e-15,0.52218681632341,0.135900361777235,1.42445923598688,0.522195061157077,0.135856391502743,1.42445906603865,-8.24483366701489e-06,4.39702744926551e-05,1.69948230821504e-07,6.92138790725494e-10,493.119659729935,39.8956606213115,33.0002773323713,4,0,pinocchio,0,6.88034027006475,6.88034027006475,5.00000000069214,5.00000000069214,5.00000000069403,5.00000000069403,6.0952316616196,6.0952316616196,0.0159480571668558,6.99972266762867,0.489865567210585,-0.000523817548005473,-0.104339378688519,-5.69367347952355e-06,6.88034027006475,6.88034027006475,6.88034027006475,6.88034027006475,5.00000000069214,5.00000000069214,5.00000000069214,5.00000000069214,5.00000000069403,5.00000000069403,5.00000000069403,5.00000000069403,6.0952316616196,6.0952316616196,6.0952316616196,6.0952316616196,0.0159709022106611,0.0159480571668558,0.00246630576121021,6.99972266762867,-0.005833104032412,0.489865567210585,-0.000155511565644417,-0.000523817548005473,0.000377125768963538,-0.104339378688519,2.57163483041722e-06,-5.69367347952355e-06
64,1.26,1,8.31584528568966e-15,0.522189575934223,0.135895676621479,1.4244592448978,0.522195061157077,0.135856391502743,1.42445906603865,-5.48522285437336e-06,3.92851187366872e-05,1.78859149935207e-07,6.40737241042189e-10,493.122408134044,39.8955867732273,32.9990225727136,4,0,pinocchio,0,6.87759186595625,6.87759186595625,5.00000000066308,5.00000000066308,5.00000000064074,5.00000000064074,6.09234877033934,6.09234877033934,0.0160845252530569,7.00097742728641,0.488705202162864,-0.000664875975084151,-0.104413226772666,-4.89315034334767e-06,6.87759186595625,6.87759186595625,6.87759186595625,6.87759186595625,5.00000000066308,5.00000000066308,5.00000000066308,5.00000000066308,5.00000000064074,5.00000000064074,5.00000000064074,5.00000000064074,6.09234877033934,6.09234877033934,6.09234877033934,6.09234877033934,0.0161029163484301,0.0160845252530569,0.00245316661818151,7.00097742728641,-0.00585733879493944,0.488705202162864,-0.000154380034949497,-0.000664875975084151,0.000377853267387707,-0.104413226772666,2.57748628484933e-06,-4.89315034334767e-06
65,1.28,1,5.1883078431072e-15,0.522191572059254,0.135891486745462,1.4244592578419,0.522195061157077,0.135856391502743,1.42445906603865,-3.48909782377227e-06,3.50952427189133e-05,1.91803247506783e-07,6.20630657977017e-10,493.125016281677,39.8955100801001,32.9977161207837,4,0,pinocchio,0,6.87498371832263,6.87498371832263,5.0000000006524,5.0000000006524,5.00000000062063,5.00000000062063,6.08992542493085,6.08992542493085,0.0161898874630079,7.00228387921632,0.487501395094909,-0.000812205042032286,-0.104489919899906,-4.05832111746118e-06,6.87498371832263,6.87498371832263,6.87498371832263,6.87498371832263,5.0000000006524,5.0000000006524,5.0000000006524,5.0000000006524,5.00000000062063,5.00000000062063,5.00000000062063,5.00000000062063,6.08992542493085,6.08992542493085,6.08992542493085,6.08992542493085,0.01620327667694,0.0161898874630079,0.00243351584507678,7.00228387921632,-0.00587074469881088,0.487501395094909,-0.000153009906576074,-0.000812205042032286,0.000377932314115981,-0.104489919899906,2.57894202349007e-06,-4.05832111746118e-06
66,1.3,1,7.56726030790711e-15,0.522192951921252,0.135887723951824,1.4244592746831,0.522195061157077,0.135856391502743,1.42445906603865,-2.10923582577571e-06,3.13324490816003e-05,2.08644443500106e-07,6.31199981171449e-10,493.127480312036,39.8954305672092,32.9963576809685,4,0,pinocchio,0,6.8725196879635,6.8725196879635,5.00000000065946,5.00000000065946,5.0000000006312,5.0000000006312,6.08797194275249,6.08797194275249,0.0162640880953595,7.00364231903146,0.486253905833768,-0.000965832566131954,-0.104569432790752,-3.18909026556643e-06,6.8725196879635,6.8725196879635,6.8725196879635,6.8725196879635,5.00000000065946,5.00000000065946,5.00000000065946,5.00000000065946,5.0000000006312,5.0000000006312,5.0000000006312,5.0000000006312,6.08797194275249,6.08797194275249,6.08797194275249,6.08797194275249,0.0162719282764598,0.0162640880953595,0.00240749142398045,7.00364231903146,-0.00587349810760429,0.486253905833768,-0.00015142027078241,-0.000965832566131954,0.000377382232059631,-0.104569432790752,2.5761214530462e-06,-3.18909026556643e-06
67,1.32,1,5.19312188513024e-15,0.522193847015321,0.135884328283987,1.42445929529836,0.522195061157077,0.135856391502743,1.42445906603865,-1.21414175602297e-06,2.79367812437425e-05,2.29259707662521e-07,6.73807676321303e-10,493.129798105315,39.8953482642978,32.9949470544817,4,0,pinocchio,0,6.8702018946848,6.8702018946848,5.00000000068472,5.00000000068472,5.00000000067381,5.00000000067381,6.08649455633641,6.08649455633641,0.0163070296667111,7.00505294551826,0.484962592793341,-0.00112577614032325,-0.104651735702246,-2.28544248756675e-06,6.8702018946848,6.8702018946848,6.8702018946848,6.8702018946848,5.00000000068472,5.00000000068472,5.00000000068472,5.00000000068472,5.00000000067381,5.00000000067381,5.00000000067381,5.00000000067381,6.08649455633641,6.08649455633641,6.08649455633641,6.08649455633641,0.0163087781771836,0.0163070296667111,0.00237523584720378,7.00505294551826,-0.00586577522092568,0.484962592793341,-0.000149631253087534,-0.00112577614032325,0.000376222795509307,-0.104651735702246,2.5691453942045e-06,-2.28544248756675e-06
68,1.34,1,6.41134998188255e-15,0.522194374690667,0.135881247113794,1.42445931957418,0.522195061157077,0.135856391502743,1.42445906603865,-6.86466410715347e-07,2.48556110509779e-05,2.53535526573145e-07,7.29742488658758e-10,493.131969245384,39.8952632056482,32.9934841366342,4,0,pinocchio,0,6.86803075461612,6.86803075461612,5.00000000072974,5.00000000072974,5.00000000075386,5.00000000075386,6.08549551655074,6.08549551655074,0.0163185776566257,7.00651586336578,0.483627408276887,-0.00129204352190324,-0.104736794351756,-1.34743972461638e-06,6.86803075461612,6.86803075461612,6.86803075461612,6.86803075461612,5.00000000072974,5.00000000072974,5.00000000072974,5.00000000072974,5.00000000075386,5.00000000075386,5.00000000075386,5.00000000075386,6.08549551655074,6.08549551655074,6.08549551655074,6.08549551655074,0.016313700129615,0.0163185776566257,0.00233689702368878,7.00651586336578,-0.00584775480071187,0.483627408276887,-0.000147664159761973,-0.00129204352190324,0.000374474448221918,-0.104736794351756,2.55813753113898e-06,-1.34743972461638e-06
69,1.36,1,9.51879400663047e-15,0.522194639508454,0.135878434359532,1.42445934740345,0.522195061157077,0.135856391502743,1.42445906603865,-4.21648623571969e-07,2.20428567894171e-05,2.81364793908168e-07,7.97303556510087e-10,493.133994989375,39.8951754301271,32.9919689141838,4,0,pinocchio,0,6.86600501062454,6.86600501062454,5.0000000007973,5.0000000007973,5.00000000088145,5.00000000088145,6.08497320796708,6.08497320796708,0.0162985662364192,7.00803108581623,0.482248393841393,-0.00146463298638171,-0.10482456987286,-3.75218402228688e-07,6.86600501062454,6.86600501062454,6.86600501062454,6.86600501062454,5.0000000007973,5.0000000007973,5.0000000007973,5.0000000007973,5.00000000088145,5.00000000088145,5.00000000088145,5.00000000088145,6.08497320796708,6.08497320796708,6.08497320796708,6.08497320796708,0.0162865403438275,0.0162985662364192,0.00229262907188144,7.00803108581623,-0.00581962080056542,0.482248393841393,-0.000145541587258435,-0.00146463298638171,0.000372158495515862,-0.10482456987286,2.54322552706299e-06,-3.75218402228688e-07
70,1.38,1,7.22327363013337e-15,0.522194734407746,0.135875849814422,1.42445937868265,0.522195061157077,0.135856391502743,1.42445906603865,-3.2674933092558e-07,1.94583116787661e-05,3.12644000688422e-07,8.96640983683028e-10,493.135878243523,39.8950849811841,32.9904014633017,4,0,pinocchio,0,6.8641217564769,6.8641217564769,5.00000000089664,5.00000000089664,5.00000000108335,5.00000000108335,6.08492227979327,6.08492227979327,0.0162468051301301,7.00959853669827,0.48082567579218,-0.00164353363452663,-0.104915018815942,6.31013135994606e-07,6.8641217564769,6.8641217564769,6.8641217564769,6.8641217564769,5.00000000089664,5.00000000089664,5.00000000089664,5.00000000089664,5.00000000108335,5.00000000108335,5.00000000108335,5.00000000108335,6.08492227979327,6.08492227979327,6.08492227979327,6.08492227979327,0.0162271243445105,0.0162468051301301,0.00224259243312019,7.00959853669827,-0.00578156480600711,0.48082567579218,-0.000143287480831589,-0.00164353363452663,0.000369297258870915,-0.104915018815942,2.52454183424788e-06,6.31013135994606e-07
71,1.4,1,5.65950948009412e-15,0.522194741707311,0.135873458567548,1.4244594133096,0.522195061157077,0.135856391502743,1.42445906603865,-3.19449766528201e-07,1.70670648051985e-05,3.47270945555422e-07,1.0340270861775e-09,493.137623543594,39.8949919068439,32.9887819465088,4,0,pinocchio,0,6.86237645640553,6.86237645640553,5.00000000103403,5.00000000103403,5.00000000139226,5.00000000139226,6.08533378985998,6.08533378985998,0.0161630874372857,7.0112180534912,0.47935946045312,-0.00182872569702687,-0.105008093156139,1.67097754634055e-06,6.86237645640553,6.86237645640553,6.86237645640553,6.86237645640553,5.00000000103403,5.00000000103403,5.00000000103403,5.00000000103403,5.00000000139226,5.00000000139226,5.00000000139226,5.00000000139226,6.08533378985998,6.08533378985998,6.08533378985998,6.08533378985998,0.0161352647697228,0.0161630874372857,0.00218695492811349,7.0112180534912,-0.00573378862008411,0.47935946045312,-0.000140927184467898,-0.00182872569702687,0.000365914231203135,-0.105008093156139,2.50222472431005e-06,1.67097754634055e-06
72,1.42,1,6.89152239837757e-15,0.52219473396761,0.135871230502112,1.42445945118133,0.522195061157077,0.135856391502743,1.42445906603865,-3.27189467297373e-07,1.48389993696041e-05,3.85142675973782e-07,1.21802923302994e-09,493.139237038867,39.8948962596518,32.9871106102428,4,0,pinocchio,0,6.86076296113345,6.86076296113345,5.00000000121803,5.00000000121803,5.00000000185434,5.00000000185434,6.08619536762045,6.08619536762045,0.0160471986477281,7.01288938975725,0.477850029524648,-0.00202018079553273,-0.105103740348228,2.74433101967412e-06,6.86076296113345,6.86076296113345,6.86076296113345,6.86076296113345,5.00000000121803,5.00000000121803,5.00000000121803,5.00000000121803,5.00000000185434,5.00000000185434,5.00000000185434,5.00000000185434,6.08619536762045,6.08619536762045,6.08619536762045,6.08619536762045,0.0160107703418504,0.0160471986477281,0.00212589206772407,7.01288938975725,-0.00567650665944086,0.477850029524648,-0.000138487438263724,-0.00202018079553273,0.00036203419410441,-0.105103740348228,2.47641878559079e-06,2.74433101967412e-06
73,1.44,1,9.40615106871767e-15,0.52219477473414,0.135869139856762,1.4244594921924,0.522195061157077,0.135856391502743,1.42445906603865,-2.86422936923714e-07,1.27483540190709e-05,4.26153750066049e-07,1.46167611347892e-09,493.140726475594,39.8947980965916,32.9853877821593,4,0,pinocchio,0,6.85927352440606,6.85927352440606,5.00000000146168,5.00000000146168,5.00000000253871,5.00000000253871,6.08749139335623,6.08749139335623,0.0158989265323993,7.01461221784074,0.476297735366068,-0.00221786218749454,-0.105201903408362,3.85066605221026e-06,6.85927352440606,6.85927352440606,6.85927352440606,6.85927352440606,5.00000000146168,5.00000000146168,5.00000000146168,5.00000000146168,5.00000000253871,5.00000000253871,5.00000000253871,5.00000000253871,6.08749139335623,6.08749139335623,6.08749139335623,6.08749139335623,0.0158534556927492,0.0158989265323993,0.00205958749337753,7.01461221784074,-0.00560994830541972,0.476297735366068,-0.000135996348546996,-0.00221786218749454,0.000357683317680824,-0.105201903408362,2.44727549159052e-06,3.85066605221026e-06
74,1.46,1,9.2482134540795e-15,0.522194919180754,0.135867164838428,1.42445953623348,0.522195061157077,0.135856391502743,1.42445906603865,-1.41976322920456e-07,1.07733356847217e-05,4.70194825963333e-07,1.76066450308099e-09,493.142101180758,39.8946974789746,32.9836138680864,4,0,pinocchio,0,6.85789881924209,6.85789881924209,5.00000000176066,5.00000000176066,5.00000000359899,5.00000000359899,6.08920319605299,6.08920319605299,0.0157180720537063,7.01638613191357,0.474702996183995,-0.0024217249929811,-0.105302521025411,4.98951423219764e-06,6.85789881924209,6.85789881924209,6.85789881924209,6.85789881924209,5.00000000176066,5.00000000176066,5.00000000176066,5.00000000176066,5.00000000359899,5.00000000359899,5.00000000359899,5.00000000359899,6.08920319605299,6.08920319605299,6.08920319605299,6.08920319605299,0.0156631521848851,0.0157180720537063,0.00198823360322109,7.01638613191357,-0.00553436020999953,0.474702996183995,-0.000133483326862915,-0.0024217249929811,0.000352889240673449,-0.105302521025411,2.4149536059781e-06,4.98951423219764e-06
75,1.48,1,6.25319409514011e-15,0.522195214669216,0.135865287275812,1.42445958319011,0.522195061157077,0.135856391502743,1.42445906603865,1.53512139111633e-07,8.89577306897871e-06,5.17151461876253e-07,2.14111306462428e-09,493.143372040547,39.894594472283,32.9817893492163,4,0,pinocchio,0,6.85662795945331,6.85662795945331,5.00000000214111,5.00000000214111,5.00000000513075,5.00000000513075,6.09130926856521,6.09130926856521,0.0155044609332211,7.01821065078373,0.473066291307088,-0.00263171639424182,-0.105405527717024,6.16034895668205e-06,6.85662795945331,6.85662795945331,6.85662795945331,6.85662795945331,5.00000000214111,5.00000000214111,5.00000000214111,5.00000000214111,5.00000000513075,5.00000000513075,5.00000000513075,5.00000000513075,6.09130926856521,6.09130926856521,6.09130926856521,6.09130926856521,0.015439719364359,0.0155044609332211,0.00191203175941013,7.01821065078373,-0.00545000835863618,0.473066291307088,-0.000130978986597086,-0.00263171639424182,0.000347681116046772,-0.105405527717024,2.37961932469943e-06,6.16034895668205e-06
76,1.5,1,6.99917622365057e-15,0.52219570123923,0.135863492305114,1.42445963294185,0.522195061157077,0.135856391502743,1.42445906603865,6.40082152281174e-07,7.10080237081856e-06,5.66903199716862e-07,1.77635683940025e-15,493.144551482819,39.8944891459901,32.9799147788524,4,0,pinocchio,0,6.85544851718118,6.85544851718118,5.00000000000001,5.00000000000001,5,5,6.09378549721949,6.09378549721949,0.0152579560535309,7.02008522114757,0.471388156314037,-0.00284777582812703,-0.105510854009861,7.36258837959906e-06,6.85544851718118,6.85544851718118,6.85544851718118,6.85544851718118,5.00000000000001,5.00000000000001,5.00000000000001,5.00000000000001,5,5,5,5,6.09378549721949,6.09378549721949,6.09378549721949,6.09378549721949,0.0151830572211082,0.0152579560535309,0.00183119273822285,7.02008522114757,-0.00535718010860364,0.471388156314037,-0.000128515015745734,-0.00284777582812703,0.000342089642622057,-0.105510854009861,2.34144644650769e-06,7.36258837959906e-06
77,1.52,1,8.80385799245063e-15,0.522196412041529,0.135861768079917,1.42445968536151,0.522195061157077,0.135856391502743,1.42445906603865,1.35088445130105e-06,5.37657717383788e-06,6.1932285677635e-07,0,493.14565341071,39.8943815732913,32.9779907793121,4,0,pinocchio,0,6.85434658928981,6.85434658928981,5.00000000000001,5.00000000000001,5,5,6.09660542895283,6.09660542895283,0.014978469915238,7.02200922068791,0.469669178710892,-0.00306983512171418,-0.105618426708721,8.59559796844698e-06,6.85434658928981,6.85434658928981,6.85434658928981,6.85434658928981,5.00000000000001,5.00000000000001,5.00000000000001,5.00000000000001,5,5,5,5,6.09660542895283,6.09660542895283,6.09660542895283,6.09660542895283,0.0148931184757544,0.014978469915238,0.00174593680693391,7.02200922068791,-0.00525618549232831,0.469669178710892,-0.000126123974567349,-0.00306983512171418,0.000336147017975463,-0.105618426708721,2.30061593953224e-06,8.59559796844698e-06
78,1.54,1,7.7659551778138e-15,0.522197373724885,0.135860105498986,1.42445974031468,0.522195061157077,0.135856391502743,1.42445906603865,2.31256780724998e-06,3.7139962432986e-06,6.74276028123089e-07,0,493.146693199616,39.894271830875,32.9760180385125,4,0,pinocchio,0,6.85330680038413,6.85330680038413,5.00000000000001,5.00000000000001,5,5,6.09974051553639,6.09974051553639,0.0146659780618026,7.02398196148753,0.467909992847369,-0.00329781867861367,-0.105728169125008,9.85869374365666e-06,6.85330680038413,6.85330680038413,6.85330680038413,6.85330680038413,5.00000000000001,5.00000000000001,5.00000000000001,5.00000000000001,5,5,5,5,6.09974051553639,6.09974051553639,6.09974051553639,6.09974051553639,0.0145699218052044,0.0146659780618026,0.00165649388763711,7.02398196148753,-0.00514735908922148,0.467909992847369,-0.000123839124832159,-0.00329781867861367,0.000329886941543123,-0.105728169125008,2.25731597680578e-06,9.85869374365666e-06
79,1.56,1,4.82231475070208e-15,0.522198606786996,0.135858497946424,1.42445979765949,0.522195061157077,0.135856391502743,1.42445906603865,3.54562991866647e-06,2.10644368156543e-06,7.31620839911074e-07,2.04281036531029e-14,493.147687610678,39.8941599985657,32.9739973064842,4,0,pinocchio,0,6.85231238932153,6.85231238932153,5.00000000000002,5.00000000000002,5.0000000000004,5.0000000000004,6.10316040894832,6.10316040894832,0.0143205317359833,7.02600269351578,0.466111275856005,-0.00353164358410421,-0.10584000143433,1.11511449857041e-05,6.85231238932153,6.85231238932153,6.85231238932153,6.85231238932153,5.00000000000002,5.00000000000002,5.00000000000002,5.00000000000002,5.0000000000004,5.0000000000004,5.0000000000004,5.0000000000004,6.10316040894832,6.10316040894832,6.10316040894832,6.10316040894832,0.0142135642694896,0.0143205317359833,0.00156310354910261,7.02600269351578,-0.00503106066996395,0.466111275856005,-0.000121694157421359,-0.00353164358410421,0.000323344497871858,-0.10584000143433,2.21174121861623e-06,1.11511449857041e-05
80,1.58,1,4.3284644423921e-15,0.522200125897616,0.135856941040726,1.42445985724652,0.522195061157077,0.135856391502743,1.42445906603865,5.06474053885153e-06,5.49537983174364e-07,7.91207869443866e-07,8.25928392345077e-09,493.148654615762,39.8940461589503,32.9719293916466,4,0,pinocchio,0,6.85134538423791,6.85134538423791,5.00000000825928,5.00000000825928,5.00000010200153,5.00000010200153,6.10683327955106,6.10683327955106,0.0139422705500433,7.0280706083534,0.464273743479216,-0.00377121972191845,-0.105953841049656,1.2472177113303e-05,6.85134538423791,6.85134538423791,6.85134538423791,6.85134538423791,5.00000000825928,5.00000000825928,5.00000000825928,5.00000000825928,5.00000010200153,5.00000010200153,5.00000010200153,5.00000010200153,6.10683327955106,6.10683327955106,6.10683327955106,6.10683327955106,0.0138242337227652,0.0139422705500433,0.00146601499044863,7.0280706083534,-0.00490767574725481,0.464273743479216,-0.000119722910930875,-0.00377121972191845,0.000316556032473159,-0.105953841049656,2.1640920522259e-06,1.2472177113303e-05
