step,mode_id,tip_x,tip_y,tip_z,target_x,target_y,target_z,tip_err,a2d_rank,sigma_min,tension_feasible,residual_x,residual_y,residual_z,q_1,q_2,q_3,q_4,q_5,q_6,q_7,q_8,q_9,qm_1,qm_2,qm_3,qm_4,qm_5,qm_6,L_1,Tfeas_1,L_2,Tfeas_2,L_3,Tfeas_3,L_4,Tfeas_4,L_5,Tfeas_5,L_6,Tfeas_6,L_7,Tfeas_7,L_8,Tfeas_8
1,2,0.0570355193772182,-0.00371489804936866,0.285124963237541,0.2,0.15,0.69,0.456060202161373,2,0,1,0,8.88178419700125e-16,0,0,0,0,0,0,0,0,0,0,0,0,0,0,0,0,1.20208152801713,5.00000000040405,1.20208152801713,5.00000000040405,1.20208152801713,5.00000000040405,1.20208152801713,5.00000000040405,1.20208152801713,5.00000000040405,1.20208152801713,5.00000000040405,1.20208152801713,5.00000000040405,1.20208152801713,5.00000000040405
2,2,0.0442713585416315,0.00214960612076371,0.28533253036287,0.2,0.15,0.69,0.458112333083526,2,0,1,0,8.88178419700125e-16,0,0,0,0,-0.045,0.045,0.045,-0.045,0.0058152960508704,0.045,-0.045,0.045,0.045,-0.045,0.0058152960508704,0.045,1.20208152801713,5.00000000040405,1.20208152801713,5.00000000040405,1.20208152801713,5.00000000040405,1.20208152801713,5.00000000040405,1.20208152801713,5.00000000040405,1.20208152801713,5.00000000040405,1.20208152801713,5.00000000040405,1.20208152801713,5.00000000040405
3,2,0.0297934108486784,0.0138538364515221,0.285876944587311,0.2,0.15,0.69,0.459153029779379,2,0,1,0,8.88178419700125e-16,0,0,0,0,-0.09,0.09,0.09,-0.09,0.0433134313023148,0.0786652862991914,-0.09,0.09,0.09,-0.09,0.0433134313023148,0.0786652862991914,1.20208152801713,5.00000000040405,1.20208152801713,5.00000000040405,1.20208152801713,5.00000000040405,1.20208152801713,5.00000000040405,1.20208152801713,5.00000000040405,1.20208152801713,5.00000000040405,1.20208152801713,5.00000000040405,1.20208152801713,5.00000000040405
4,2,0.0140667416344243,0.0246152979610397,0.287344663064022,0.2,0.15,0.69,0.460894587118209,2,0,1,0,8.88178419700125e-16,0,0,0,0,-0.11925280011371,0.135,0.135,-0.118347492480373,0.0883134313023148,0.0970645696387257,-0.11925280011371,0.135,0.135,-0.118347492480373,0.0883134313023148,0.0970645696387257,1.20208152801713,5.00000000040405,1.20208152801713,5.00000000040405,1.20208152801713,5.00000000040405,1.20208152801713,5.00000000040405,1.20208152801713,5.00000000040405,1.20208152801713,5.00000000040405,1.20208152801713,5.00000000040405,1.20208152801713,5.00000000040405
5,2,-0.000988668600799261,0.0326398222440655,0.289831084877151,0.2,0.15,0.69,0.462930898579285,2,0,1,0,8.88178419700125e-16,0,0,0,0,-0.129957436014134,0.18,0.18,-0.112250159229369,0.133313431302315,0.107677835090161,-0.129957436014134,0.18,0.18,-0.112250159229369,0.133313431302315,0.107677835090161,1.20208152801713,5.00000000040405,1.20208152801713,5.00000000040405,1.20208152801713,5.00000000040405,1.20208152801713,5.00000000040405,1.20208152801713,5.00000000040405,1.20208152801713,5.00000000040405,1.20208152801713,5.00000000040405,1.20208152801713,5.00000000040405
6,2,-0.0150784935744365,0.0394686167760533,0.293330492583497,0.2,0.15,0.69,0.464567156813414,2,0,1,0,8.88178419700125e-16,0,0,0,0,-0.138412708653221,0.225,0.225,-0.0866032258136003,0.178313431302315,0.113743357307284,-0.138412708653221,0.225,0.225,-0.0866032258136003,0.178313431302315,0.113743357307284,1.20208152801713,5.00000000040405,1.20208152801713,5.00000000040405,1.20208152801713,5.00000000040405,1.20208152801713,5.00000000040405,1.20208152801713,5.00000000040405,1.20208152801713,5.00000000040405,1.20208152801713,5.00000000040405,1.20208152801713,5.00000000040405
7,2,-0.028285557852836,0.0454799294897475,0.297835337992262,0.2,0.15,0.69,0.465652083847256,2,0,1,0,8.88178419700125e-16,0,0,0,0,-0.150944009928264,0.27,0.27,-0.0495663584890881,0.223313431302315,0.116798126371727,-0.150944009928264,0.27,0.27,-0.0495663584890881,0.223313431302315,0.116798126371727,1.20208152801713,5.00000000040405,1.20208152801713,5.00000000040405,1.20208152801713,5.00000000040405,1.20208152801713,5.00000000040405,1.20208152801713,5.00000000040405,1.20208152801713,5.00000000040405,1.20208152801713,5.00000000040405,1.20208152801713,5.00000000040405
8,2,-0.0407093653977116,0.0506577349900462,0.303336203202793,0.2,0.15,0.69,0.466174619602042,2,0,1,0,8.88178419700125e-16,0,0,0,0,-0.169337966346121,0.315,0.315,-0.00568916256518247,0.268313431302315,0.117731576460059,-0.169337966346121,0.315,0.315,-0.00568916256518247,0.268313431302315,0.117731576460059,1.20208152801713,5.00000000040405,1.20208152801713,5.00000000040405,1.20208152801713,5.00000000040405,1.20208152801713,5.00000000040405,1.20208152801713,5.00000000040405,1.20208152801713,5.00000000040405,1.20208152801713,5.00000000040405,1.20208152801713,5.00000000040405
9,2,-0.0525921292004901,0.055044292428646,0.309821778989174,0.2,0.15,0.69,0.466213309403936,2,0,1,0,8.88178419700125e-16,0,0,0,0,-0.193394051553447,0.36,0.36,0.0393108374348175,0.313313431302315,0.117122700011484,-0.193394051553447,0.36,0.36,0.0393108374348175,0.313313431302315,0.117122700011484,1.20208152801713,5.00000000040405,1.20208152801713,5.00000000040405,1.20208152801713,5.00000000040405,1.20208152801713,5.00000000040405,1.20208152801713,5.00000000040405,1.20208152801713,5.00000000040405,1.20208152801713,5.00000000040405,1.20208152801713,5.00000000040405
10,2,-0.0639493415028886,0.0583102515310713,0.317211063348327,0.2,0.15,0.69,0.465883951369854,2,0,1,0,8.88178419700125e-16,0,0,0,0,-0.222319309511164,0.405,0.405,0.0843108374348175,0.357286020066918,0.115388886998007,-0.222319309511164,0.405,0.405,0.0843108374348175,0.357286020066918,0.115388886998007,1.20208152801713,5.00000000040405,1.20208152801713,5.00000000040405,1.20208152801713,5.00000000040405,1.20208152801713,5.00000000040405,1.20208152801713,5.00000000040405,1.20208152801713,5.00000000040405,1.20208152801713,5.00000000040405,1.20208152801713,5.00000000040405
11,2,-0.0746737690751359,0.0598814978278499,0.325283844981338,0.2,0.15,0.69,0.46538682575175,2,0,1,0,8.88178419700125e-16,0,0,0,0,-0.255085383181632,0.45,0.45,0.129310837434818,0.397877055117055,0.112822777891667,-0.255085383181632,0.45,0.45,0.129310837434818,0.397877055117055,0.112822777891667,1.20208152801713,5.00000000040405,1.20208152801713,5.00000000040405,1.20208152801713,5.00000000040405,1.20208152801713,5.00000000040405,1.20208152801713,5.00000000040405,1.20208152801713,5.00000000040405,1.20208152801713,5.00000000040405,1.20208152801713,5.00000000040405
12,2,-0.084694444412087,0.0597529888477646,0.333926637100732,0.2,0.15,0.69,0.464740453874431,2,0,1,0,8.88178419700125e-16,0,0,0,0,-0.290544100004727,0.495,0.495,0.174310837434818,0.434963426713826,0.109631435038906,-0.290544100004727,0.495,0.495,0.174310837434818,0.434963426713826,0.109631435038906,1.20208152801713,5.00000000040405,1.20208152801713,5.00000000040405,1.20208152801713,5.00000000040405,1.20208152801713,5.00000000040405,1.20208152801713,5.00000000040405,1.20208152801713,5.00000000040405,1.20208152801713,5.00000000040405,1.20208152801713,5.00000000040405
13,2,-0.0939332987320953,0.0579852746996888,0.343039516893229,0.2,0.15,0.69,0.463945115949405,2,0,1,0,8.88178419700125e-16,0,0,0,0,-0.32781962121118,0.54,0.54,0.219310837434817,0.468522124509975,0.105960761869257,-0.32781962121118,0.54,0.54,0.219310837434817,0.468522124509975,0.105960761869257,1.20208152801713,5.00000000040405,1.20208152801713,5.00000000040405,1.20208152801713,5.00000000040405,1.20208152801713,5.00000000040405,1.20208152801713,5.00000000040405,1.20208152801713,5.00000000040405,1.20208152801713,5.00000000040405,1.20208152801713,5.00000000040405
14,2,-0.10231777612389,0.0546814480224957,0.352539010718419,0.2,0.15,0.69,0.462991990641832,2,0,1,0,8.88178419700125e-16,0,0,0,0,-0.366289203817703,0.585,0.585,0.264310837434817,0.498618791842094,0.101913756687366,-0.366289203817703,0.585,0.585,0.264310837434817,0.498618791842094,0.101913756687366,1.20208152801713,5.00000000040405,1.20208152801713,5.00000000040405,1.20208152801713,5.00000000040405,1.20208152801713,5.00000000040405,1.20208152801713,5.00000000040405,1.20208152801713,5.00000000040405,1.20208152801713,5.00000000040405,1.20208152801713,5.00000000040405
15,2,-0.109786172986216,0.049969673146277,0.362358551463917,0.2,0.15,0.69,0.46186844237589,2,0,1,0,8.88178419700125e-16,0,0,0,0,-0.405533903932798,0.63,0.63,0.309310837434817,0.525389034682929,0.0975635866045922,-0.405533903932798,0.63,0.63,0.309310837434817,0.525389034682929,0.0975635866045922,1.20208152801713,5.00000000040405,1.20208152801713,5.00000000040405,1.20208152801713,5.00000000040405,1.20208152801713,5.00000000040405,1.20208152801713,5.00000000040405,1.20208152801713,5.00000000040405,1.20208152801713,5.00000000040405,1.20208152801713,5.00000000040405
16,2,-0.116288765333326,0.0439907331067061,0.37244720734252,0.2,0.15,0.69,0.460560879654252,2,0,1,0,8.88178419700125e-16,0,0,0,0,-0.445289072235284,0.675,0.675,0.354310837434817,0.549018267886697,0.0929626780424783,-0.445289072235284,0.675,0.675,0.354310837434817,0.549018267886697,0.0929626780424783,1.20208152801713,5.00000000040405,1.20208152801713,5.00000000040405,1.20208152801713,5.00000000040405,1.20208152801713,5.00000000040405,1.20208152801713,5.00000000040405,1.20208152801713,5.00000000040405,1.20208152801713,5.00000000040405,1.20208152801713,5.00000000040405
17,2,-0.120319835922125,0.0376634750567663,0.382539451757184,0.2,0.15,0.69,0.457991572899843,2,0,1,0,8.88178419700125e-16,0,0,0,0,-0.485404099387982,0.717457518003298,0.72,0.399310837434817,0.569723603285208,0.088148908115599,-0.485404099387982,0.717457518003298,0.72,0.399310837434817,0.569723603285208,0.088148908115599,1.20208152801713,5.00000000040405,1.20208152801713,5.00000000040405,1.20208152801713,5.00000000040405,1.20208152801713,5.00000000040405,1.20208152801713,5.00000000040405,1.20208152801713,5.00000000040405,1.20208152801713,5.00000000040405,1.20208152801713,5.00000000040405
18,2,-0.119792269619465,0.0324969064443298,0.392172886994387,0.2,0.15,0.69,0.452520786201893,2,0,1,0,8.88178419700125e-16,0,0,0,0,-0.525254604751444,0.753423709893683,0.765,0.444310837434817,0.587160842374213,0.083142255222044,-0.525254604751444,0.753423709893683,0.765,0.444310837434817,0.587160842374213,0.083142255222044,1.20208152801713,5.00000000040405,1.20208152801713,5.00000000040405,1.20208152801713,5.00000000040405,1.20208152801713,5.00000000040405,1.20208152801713,5.00000000040405,1.20208152801713,5.00000000040405,1.20208152801713,5.00000000040405,1.20208152801713,5.00000000040405
19,2,-0.115417569517063,0.0286236878468494,0.401250509610631,0.2,0.15,0.69,0.444518526624111,2,0,1,0,8.88178419700125e-16,0,0,0,0,-0.563461357761891,0.783570408936183,0.81,0.489310837434817,0.600220528368731,0.0779420214268321,-0.563461357761891,0.783570408936183,0.81,0.489310837434817,0.600220528368731,0.0779420214268321,1.20208152801713,5.00000000040405,1.20208152801713,5.00000000040405,1.20208152801713,5.00000000040405,1.20208152801713,5.00000000040405,1.20208152801713,5.00000000040405,1.20208152801713,5.00000000040405,1.20208152801713,5.00000000040405,1.20208152801713,5.00000000040405
20,2,-0.107868322270367,0.0261381827583947,0.409767537351176,0.2,0.15,0.69,0.434344203081137,2,0,1,0,8.88178419700125e-16,0,0,0,0,-0.598787190287711,0.808535102639486,0.855,0.534310837434817,0.608245479477029,0.0725487277554037,-0.598787190287711,0.808535102639486,0.855,0.534310837434817,0.608245479477029,0.0725487277554037,1.20208152801713,5.00000000040405,1.20208152801713,5.00000000040405,1.20208152801713,5.00000000040405,1.20208152801713,5.00000000040405,1.20208152801713,5.00000000040405,1.20208152801713,5.00000000040405,1.20208152801713,5.00000000040405,1.20208152801713,5.00000000040405
21,2,-0.0977401163484835,0.0250932206943785,0.417790841665247,0.2,0.15,0.69,0.422313516573915,2,0,1,0,8.88178419700125e-16,0,0,0,0,-0.63005932378471,0.828889308987753,0.9,0.579310837434817,0.611029806855764,0.0669703350832526,-0.63005932378471,0.828889308987753,0.9,0.579310837434817,0.611029806855764,0.0669703350832526,1.20208152801713,5.00000000040405,1.20208152801713,5.00000000040405,1.20208152801713,5.00000000040405,1.20208152801713,5.00000000040405,1.20208152801713,5.00000000040405,1.20208152801713,5.00000000040405,1.20208152801713,5.00000000040405,1.20208152801713,5.00000000040405
22,2,-0.0855230223559208,0.0255051137931079,0.425443895885235,0.2,0.15,0.69,0.408671390252987,2,0,1,0,8.88178419700125e-16,0,0,0,0,-0.656151806329577,0.845101564626453,0.945,0.624310837434818,0.608801715427837,0.0612287439646933,-0.656151806329577,0.845101564626453,0.945,0.624310837434818,0.608801715427837,0.0612287439646933,1.20208152801713,5.00000000040405,1.20208152801713,5.00000000040405,1.20208152801713,5.00000000040405,1.20208152801713,5.00000000040405,1.20208152801713,5.00000000040405,1.20208152801713,5.00000000040405,1.20208152801713,5.00000000040405,1.20208152801713,5.00000000040405
23,2,-0.0715842938994,0.0273608388655453,0.43289855472967,0.2,0.15,0.69,0.393572795930678,2,0,1,0,8.88178419700125e-16,0,0,0,0,-0.676015492751844,0.857508370259783,0.99,0.669310837434818,0.602197790168883,0.0553664614161964,-0.676015492751844,0.857508370259783,0.99,0.669310837434818,0.602197790168883,0.0553664614161964,1.20208152801713,5.00000000040405,1.20208152801713,5.00000000040405,1.20208152801713,5.00000000040405,1.20208152801713,5.00000000040405,1.20208152801713,5.00000000040405,1.20208152801713,5.00000000040405,1.20208152801713,5.00000000040405,1.20208152801713,5.00000000040405
24,2,-0.0561618980942338,0.0306230983339662,0.440373939973342,0.2,0.15,0.69,0.377071521771474,2,0,1,0,8.88178419700125e-16,0,0,0,0,-0.688748626183551,0.866301992831317,1.035,0.714310837434818,0.592234181045761,0.0494534764665046,-0.688748626183551,0.866301992831317,1.035,0.714310837434818,0.592234181045761,0.0494534764665046,1.20208152801713,5.00000000040405,1.20208152801713,5.00000000040405,1.20208152801713,5.00000000040405,1.20208152801713,5.00000000040405,1.20208152801713,5.00000000040405,1.20208152801713,5.00000000040405,1.20208152801713,5.00000000040405,1.20208152801713,5.00000000040405
25,2,-0.0393686627216328,0.0352297805822159,0.448141550592648,0.2,0.15,0.69,0.35911706936329,2,0,1,0,8.88178419700125e-16,0,0,0,0,-0.693710693600951,0.871540010854179,1.08,0.759310837434818,0.580274517381494,0.0435943793721111,-0.693710693600951,0.871540010854179,1.08,0.759310837434818,0.580274517381494,0.0435943793721111,1.20208152801713,5.00000000040405,1.20208152801713,5.00000000040405,1.20208152801713,5.00000000040405,1.20208152801713,5.00000000040405,1.20208152801713,5.00000000040405,1.20208152801713,5.00000000040405,1.20208152801713,5.00000000040405,1.20208152801713,5.00000000040405
26,2,-0.0212106805866497,0.0410844551218868,0.456533240810548,0.2,0.15,0.69,0.339563674099764,2,0,1,0,8.88178419700125e-16,0,0,0,0,-0.690695713728589,0.87317962662915,1.125,0.804310837434818,0.567978125314941,0.0379346236507201,-0.690695713728589,0.87317962662915,1.125,0.804310837434818,0.567978125314941,0.0379346236507201,1.20208152801713,5.00000000040405,1.20208152801713,5.00000000040405,1.20208152801713,5.00000000040405,1.20208152801713,5.00000000040405,1.20208152801713,5.00000000040405,1.20208152801713,5.00000000040405,1.20208152801713,5.00000000040405,1.20208152801713,5.00000000040405
27,2,-0.00175094944689757,0.0481284387577629,0.465932188316615,0.2,0.15,0.69,0.318257199172676,2,0,1,0,8.88178419700125e-16,0,0,0,0,-0.680178766727953,0.871142133687897,1.17,0.848062871001722,0.557180206652946,0.0326612104186425,-0.680178766727953,0.871142133687897,1.17,0.848062871001722,0.557180206652946,0.0326612104186425,1.20208152801713,5.00000000040405,1.20208152801713,5.00000000040405,1.20208152801713,5.00000000040405,1.20208152801713,5.00000000040405,1.20208152801713,5.00000000040405,1.20208152801713,5.00000000040405,1.20208152801713,5.00000000040405,1.20208152801713,5.00000000040405
28,2,0.0183972471507623,0.0566959106255132,0.476700263583965,0.2,0.15,0.69,0.295265965684455,2,0,1,0,8.88178419700125e-16,0,0,0,0,-0.663591954772952,0.865450037083692,1.215,0.88332573635136,0.549540043321224,0.0279852057047567,-0.663591954772952,0.865450037083692,1.215,0.88332573635136,0.549540043321224,0.0279852057047567,1.20208152801713,5.00000000040405,1.20208152801713,5.00000000040405,1.20208152801713,5.00000000040405,1.20208152801713,5.00000000040405,1.20208152801713,5.00000000040405,1.20208152801713,5.00000000040405,1.20208152801713,5.00000000040405,1.20208152801713,5.00000000040405
29,2,0.039063442311242,0.0664897923206418,0.489138153364462,0.2,0.15,0.69,0.270591965551815,2,0,1,0,8.88178419700125e-16,0,0,0,0,-0.643320151611568,0.856501449628443,1.26,0.909239228162982,0.545732841960728,0.024076942946513,-0.643320151611568,0.856501449628443,1.26,0.909239228162982,0.545732841960728,0.024076942946513,1.20208152801713,5.00000000040405,1.20208152801713,5.00000000040405,1.20208152801713,5.00000000040405,1.20208152801713,5.00000000040405,1.20208152801713,5.00000000040405,1.20208152801713,5.00000000040405,1.20208152801713,5.00000000040405,1.20208152801713,5.00000000040405
30,2,0.058275380587814,0.075908257169261,0.501649645435736,0.2,0.15,0.69,0.247085633268527,2,0,1,0,8.88178419700125e-16,0,0,0,0,-0.622072337087893,0.844967108462649,1.29924455699018,0.926070205750743,0.54557644549721,0.020993295267825,-0.622072337087893,0.844967108462649,1.29924455699018,0.926070205750743,0.54557644549721,0.020993295267825,1.20208152801713,5.00000000040405,1.20208152801713,5.00000000040405,1.20208152801713,5.00000000040405,1.20208152801713,5.00000000040405,1.20208152801713,5.00000000040405,1.20208152801713,5.00000000040405,1.20208152801713,5.00000000040405,1.20208152801713,5.00000000040405
31,2,0.0752040548496781,0.0843019155257989,0.513311979626766,0.2,0.15,0.69,0.22607282625949,2,0,1,0,8.88178419700125e-16,0,0,0,0,-0.602020603116575,0.83188816413056,1.33103537752126,0.935585928183877,0.548216832879544,0.0186192090933668,-0.602020603116575,0.83188816413056,1.33103537752126,0.935585928183877,0.548216832879544,0.0186192090933668,1.20208152801713,5.00000000040405,1.20208152801713,5.00000000040405,1.20208152801713,5.00000000040405,1.20208152801713,5.00000000040405,1.20208152801713,5.00000000040405,1.20208152801713,5.00000000040405,1.20208152801713,5.00000000040405,1.20208152801713,5.00000000040405
32,2,0.090104913323744,0.0917880431705498,0.524197202651754,0.2,0.15,0.69,0.207258605616267,2,0,1,0,8.88178419700125e-16,0,0,0,0,-0.584055631101382,0.818222534145917,1.35720361339278,0.93987600389755,0.552692267062186,0.0167779442217512,-0.584055631101382,0.818222534145917,1.35720361339278,0.93987600389755,0.552692267062186,0.0167779442217512,1.20208152801713,5.00000000040405,1.20208152801713,5.00000000040405,1.20208152801713,5.00000000040405,1.20208152801713,5.00000000040405,1.20208152801713,5.00000000040405,1.20208152801713,5.00000000040405,1.20208152801713,5.00000000040405,1.20208152801713,5.00000000040405
33,2,0.103217392216487,0.0984587042770383,0.534367700776984,0.2,0.15,0.69,0.190380647376831,2,0,1,0,8.88178419700125e-16,0,0,0,0,-0.568246699390272,0.804644118317994,1.37915406344809,0.940583163798462,0.558267590570029,0.0153184224563341,-0.568246699390272,0.804644118317994,1.37915406344809,0.940583163798462,0.558267590570029,0.0153184224563341,1.20208152801713,5.00000000040405,1.20208152801713,5.00000000040405,1.20208152801713,5.00000000040405,1.20208152801713,5.00000000040405,1.20208152801713,5.00000000040405,1.20208152801713,5.00000000040405,1.20208152801713,5.00000000040405,1.20208152801713,5.00000000040405
34,2,0.114757367637545,0.104394193662314,0.543878880319199,0.2,0.15,0.69,0.175207241746916,2,0,1,0,8.88178419700125e-16,0,0,0,0,-0.554339881038037,0.791592203917905,1.39791675407569,0.938873314281944,0.564465888637933,0.014128463205365,-0.554339881038037,0.791592203917905,1.39791675407569,0.938873314281944,0.564465888637933,0.014128463205365,1.20208152801713,5.00000000040405,1.20208152801713,5.00000000040405,1.20208152801713,5.00000000040405,1.20208152801713,5.00000000040405,1.20208152801713,5.00000000040405,1.20208152801713,5.00000000040405,1.20208152801713,5.00000000040405,1.20208152801713,5.00000000040405
35,2,0.124915674533513,0.109667956366453,0.552780365279992,0.2,0.15,0.69,0.161535004959012,2,0,1,0,8.88178419700125e-16,0,0,0,0,-0.542005174797778,0.779333543722364,1.4142363586344,0.935540875732958,0.57100070505881,0.01312951690417,-0.542005174797778,0.779333543722364,1.4142363586344,0.935540875732958,0.57100070505881,0.01312951690417,1.20208152801713,5.00000000040405,1.20208152801713,5.00000000040405,1.20208152801713,5.00000000040405,1.20208152801713,5.00000000040405,1.20208152801713,5.00000000040405,1.20208152801713,5.00000000040405,1.20208152801713,5.00000000040405,1.20208152801713,5.00000000040405
36,2,0.133859734549874,0.114347912034038,0.561116802324684,0.2,0.15,0.69,0.149186074193138,2,0,1,0,8.88178419700125e-16,0,0,0,0,-0.530934264701823,0.768014395481142,1.42865213283891,0.931121627310838,0.577705933439638,0.0122676211359131,-0.530934264701823,0.768014395481142,1.42865213283891,0.931121627310838,0.577705933439638,0.0122676211359131,1.20208152801713,5.00000000040405,1.20208152801713,5.00000000040405,1.20208152801713,5.00000000040405,1.20208152801713,5.00000000040405,1.20208152801713,5.00000000040405,1.20208152801713,5.00000000040405,1.20208152801713,5.00000000040405,1.20208152801713,5.00000000040405
37,2,0.141736159172282,0.118496644598375,0.568928528993275,0.2,0.15,0.69,0.138005208746956,2,0,1,0,8.88178419700125e-16,0,0,0,0,-0.520869334236319,0.757699029889826,1.44155773549791,0.925978489932652,0.584486217741723,0.0115056883396512,-0.520869334236319,0.757699029889826,1.44155773549791,0.925978489932652,0.584486217741723,0.0115056883396512,1.20208152801713,5.00000000040405,1.20208152801713,5.00000000040405,1.20208152801713,5.00000000040405,1.20208152801713,5.00000000040405,1.20208152801713,5.00000000040405,1.20208152801713,5.00000000040405,1.20208152801713,5.00000000040405,1.20208152801713,5.00000000040405
38,2,0.148673389410011,0.122171397582743,0.576252146967735,0.2,0.15,0.69,0.127857053526991,2,0,1,0,8.88178419700125e-16,0,0,0,0,-0.511604768970303,0.74839701973923,1.45324340491427,0.920359912012508,0.59128619973737,0.0108179813951803,-0.511604768970303,0.74839701973923,1.45324340491427,0.920359912012508,0.59128619973737,0.0108179813951803,1.20208152801713,5.00000000040405,1.20208152801713,5.00000000040405,1.20208152801713,5.00000000040405,1.20208152801713,5.00000000040405,1.20208152801713,5.00000000040405,1.20208152801713,5.00000000040405,1.20208152801713,5.00000000040405,1.20208152801713,5.00000000040405
39,2,0.154784068122448,0.125424151642326,0.583121008794821,0.2,0.15,0.69,0.11862365522564,2,0,1,0,8.88178419700125e-16,0,0,0,0,-0.502980042146723,0.740082312524755,1.46392528049014,0.914438101633169,0.598072587005372,0.0101863960723839,-0.502980042146723,0.740082312524755,1.46392528049014,0.914438101633169,0.598072587005372,0.0101863960723839,1.20208152801713,5.00000000040405,1.20208152801713,5.00000000040405,1.20208152801713,5.00000000040405,1.20208152801713,5.00000000040405,1.20208152801713,5.00000000040405,1.20208152801713,5.00000000040405,1.20208152801713,5.00000000040405,1.20208152801713,5.00000000040405
40,2,0.160167091847311,0.128301823521203,0.589565626979147,0.2,0.15,0.69,0.110202244616421,2,0,1,0,8.88178419700125e-16,0,0,0,0,-0.494870948751266,0.732706503717315,1.47376588248317,0.908333852139253,0.604824059849759,0.00959800860396886,-0.494870948751266,0.732706503717315,1.47376588248317,0.908333852139253,0.604824059849759,0.00959800860396886,1.20208152801713,5.00000000040405,1.20208152801713,5.00000000040405,1.20208152801713,5.00000000040405,1.20208152801713,5.00000000040405,1.20208152801713,5.00000000040405,1.20208152801713,5.00000000040405,1.20208152801713,5.00000000040405,1.20208152801713,5.00000000040405
41,2,0.164909368985838,0.130846557755279,0.595614016561109,0.2,0.15,0.69,0.102503271189365,2,0,1,0,8.88178419700125e-16,0,0,0,0,-0.487181654401289,0.726208047004586,1.482888580112,0.902132754072326,0.611525742430132,0.00904345874095085,-0.487181654401289,0.726208047004586,1.482888580112,0.902132754072326,0.611525742430132,0.00904345874095085,1.20208152801713,5.00000000040405,1.20208152801713,5.00000000040405,1.20208152801713,5.00000000040405,1.20208152801713,5.00000000040405,1.20208152801713,5.00000000040405,1.20208152801713,5.00000000040405,1.20208152801713,5.00000000040405,1.20208152801713,5.00000000040405
42,2,0.169087328292352,0.133096072909777,0.60129198234695,0.2,0.15,0.69,0.0954486690274423,2,0,1,0,8.88178419700125e-16,0,0,0,0,-0.47983818460615,0.720518611225379,1.49138794290479,0.895895913851529,0.618166258963865,0.00851587431039984,-0.47983818460615,0.720518611225379,1.49138794290479,0.895895913851529,0.618166258963865,0.00851587431039984,1.20208152801713,5.00000000040405,1.20208152801713,5.00000000040405,1.20208152801713,5.00000000040405,1.20208152801713,5.00000000040405,1.20208152801713,5.00000000040405,1.20208152801713,5.00000000040405,1.20208152801713,5.00000000040405,1.20208152801713,5.00000000040405
43,2,0.172768219013659,0.135084031113774,0.606623360743187,0.2,0.15,0.69,0.0889703321184294,2,0,1,0,8.88178419700125e-16,0,0,0,0,-0.472783321474258,0.715567424670433,1.49933723263236,0.889667150358878,0.624736223152555,0.00801014647995185,-0.472783321474258,0.715567424670433,1.49933723263236,0.889667150358878,0.624736223152555,0.00801014647995185,1.20208152801713,5.00000000040405,1.20208152801713,5.00000000040405,1.20208152801713,5.00000000040405,1.20208152801713,5.00000000040405,1.20208152801713,5.00000000040405,1.20208152801713,5.00000000040405,1.20208152801713,5.00000000040405,1.20208152801713,5.00000000040405
44,2,0.176011236966054,0.136840409096597,0.611630224556996,0.2,0.15,0.69,0.0830087783769323,2,0,1,0,8.88178419700125e-16,0,0,0,0,-0.465972681222471,0.711284194851285,1.50679387773367,0.883477906923273,0.631227503754749,0.00752243400434157,-0.465972681222471,0.711284194851285,1.50679387773367,0.883477906923273,0.631227503754749,0.00752243400434157,1.20208152801713,5.00000000040405,1.20208152801713,5.00000000040405,1.20208152801713,5.00000000040405,1.20208152801713,5.00000000040405,1.20208152801713,5.00000000040405,1.20208152801713,5.00000000040405,1.20208152801713,5.00000000040405,1.20208152801713,5.00000000040405
45,2,0.17886850402219,0.138391856854483,0.616333057593176,0.2,0.15,0.69,0.0775119830291893,2,0,1,0,8.88178419700125e-16,0,0,0,0,-0.459371723263771,0.707601018695431,1.51380350324309,0.877350659625869,0.637632896791154,0.0070498188525461,-0.459371723263771,0.707601018695431,1.51380350324309,0.877350659625869,0.637632896791154,0.0070498188525461,1.20208152801713,5.00000000040405,1.20208152801713,5.00000000040405,1.20208152801713,5.00000000040405,1.20208152801713,5.00000000040405,1.20208152801713,5.00000000040405,1.20208152801713,5.00000000040405,1.20208152801713,5.00000000040405,1.20208152801713,5.00000000040405
46,2,0.18138592298616,0.139762035839517,0.620750904558278,0.2,0.15,0.69,0.0724343633417543,2,0,1,0,8.88178419700125e-16,0,0,0,0,-0.452953474135096,0.704453578232311,1.52040291339038,0.871301320077516,0.643945999715351,0.00659006337360519,-0.452953474135096,0.704453578232311,1.52040291339038,0.871301320077516,0.643945999715351,0.00659006337360519,1.20208152801713,5.00000000040405,1.20208152801713,5.00000000040405,1.20208152801713,5.00000000040405,1.20208152801713,5.00000000040405,1.20208152801713,5.00000000040405,1.20208152801713,5.00000000040405,1.20208152801713,5.00000000040405,1.20208152801713,5.00000000040405
47,2,0.183603925639052,0.140971932481616,0.624901500697086,0.2,0.15,0.69,0.0677358979349777,2,0,1,0,8.88178419700125e-16,0,0,0,0,-0.446696793329496,0.701781832838109,1.52662230702307,0.865340954778118,0.650161176584849,0.00614143661378033,-0.446696793329496,0.701781832838109,1.52662230702307,0.865340954778118,0.650161176584849,0.00614143661378033,1.20208152801713,5.00000000040405,1.20208152801713,5.00000000040405,1.20208152801713,5.00000000040405,1.20208152801713,5.00000000040405,1.20208152801713,5.00000000040405,1.20208152801713,5.00000000040405,1.20208152801713,5.00000000040405,1.20208152801713,5.00000000040405
48,2,0.185558128562248,0.142040145408248,0.628801384712653,0.2,0.15,0.69,0.0633813651543976,2,0,1,0,8.88178419700125e-16,0,0,0,0,-0.44058504825737,0.699530359628133,1.53248692654811,0.859477032449858,0.656273556090378,0.00570258844903545,-0.44058504825737,0.699530359628133,1.53248692654811,0.859477032449858,0.656273556090378,0.00570258844903545,1.20208152801713,5.00000000040405,1.20208152801713,5.00000000040405,1.20208152801713,5.00000000040405,1.20208152801713,5.00000000040405,1.20208152801713,5.00000000040405,1.20208152801713,5.00000000040405,1.20208152801713,5.00000000040405,1.20208152801713,5.00000000040405
49,2,0.187279908918121,0.142983146331916,0.632465997823347,0.2,0.15,0.69,0.0593396862057231,2,0,1,0,8.88178419700125e-16,0,0,0,0,-0.434605098187076,0.697648451093365,1.53801828607133,0.853714340213152,0.662279033732476,0.00527245727026016,-0.434605098187076,0.697648451093365,1.53801828607133,0.853714340213152,0.662279033732476,0.00527245727026016,1.20208152801713,5.00000000040405,1.20208152801713,5.00000000040405,1.20208152801713,5.00000000040405,1.20208152801713,5.00000000040405,1.20208152801713,5.00000000040405,1.20208152801713,5.00000000040405,1.20208152801713,5.00000000040405,1.20208152801713,5.00000000040405
50,2,0.188796910476199,0.143815515543032,0.635909771255016,0.2,0.15,0.69,0.0555833599970481,2,0,1,0,8.88178419700125e-16,0,0,0,0,-0.428746512167372,0.696090048510732,1.54323508561885,0.848055663927695,0.668174265524163,0.00485020154472635,-0.428746512167372,0.696090048510732,1.54323508561885,0.848055663927695,0.668174265524163,0.00485020154472635,1.20208152801713,5.00000000040405,1.20208152801713,5.00000000040405,1.20208152801713,5.00000000040405,1.20208152801713,5.00000000040405,1.20208152801713,5.00000000040405,1.20208152801713,5.00000000040405,1.20208152801713,5.00000000040405,1.20208152801713,5.00000000040405
51,2,0.190133488667004,0.144550153493394,0.639146204024283,0.2,0.15,0.69,0.0520879778640866,2,0,1,0,8.88178419700125e-16,0,0,0,0,-0.423000964850573,0.694813567554536,1.54815389053604,0.842502298182895,0.673956649117645,0.00443514859207778,-0.423000964850573,0.694813567554536,1.54815389053604,0.842502298182895,0.673956649117645,0.00443514859207778,1.20208152801713,5.00000000040405,1.20208152801713,5.00000000040405,1.20208152801713,5.00000000040405,1.20208152801713,5.00000000040405,1.20208152801713,5.00000000040405,1.20208152801713,5.00000000040405,1.20208152801713,5.00000000040405,1.20208152801713,5.00000000040405
52,2,0.191311102221934,0.145198470231087,0.642187932516851,0.2,0.15,0.69,0.0488318075615948,2,0,1,0,8.88178419700125e-16,0,0,0,0,-0.417361768202713,0.693781656497486,1.55278963498646,0.837054431593257,0.679624292516167,0.00402675592331165,-0.417361768202713,0.693781656497486,1.55278963498646,0.837054431593257,0.679624292516167,0.00402675592331165,1.20208152801713,5.00000000040405,1.20208152801713,5.00000000040405,1.20208152801713,5.00000000040405,1.20208152801713,5.00000000040405,1.20208152801713,5.00000000040405,1.20208152801713,5.00000000040405,1.20208152801713,5.00000000040405,1.20208152801713,5.00000000040405
53,2,0.19234865794485,0.145770554550325,0.645046793083695,0.2,0.15,0.69,0.0457954370665555,2,0,1,0,8.88178419700125e-16,0,0,0,0,-0.411823507507237,0.692960915724472,1.55715599366716,0.831711439689798,0.685175972441193,0.0036245818505567,-0.411823507507237,0.692960915724472,1.55715599366716,0.831711439689798,0.685175972441193,0.0036245818505567,1.20208152801713,5.00000000040405,1.20208152801713,5.00000000040405,1.20208152801713,5.00000000040405,1.20208152801713,5.00000000040405,1.20208152801713,5.00000000040405,1.20208152801713,5.00000000040405,1.20208152801713,5.00000000040405,1.20208152801713,5.00000000040405
54,2,0.19326281431033,0.146275324714809,0.647733878653491,0.2,0.15,0.69,0.0429614698383914,2,0,1,0,8.88178419700125e-16,0,0,0,0,-0.406381757789816,0.692321598789729,1.56126565489041,0.826472108565073,0.690611085068332,0.00322826300749303,-0.406381757789816,0.692321598789729,1.56126565489041,0.826472108565073,0.690611085068332,0.00322826300749303,1.20208152801713,5.00000000040405,1.20208152801713,5.00000000040405,1.20208152801713,5.00000000040405,1.20208152801713,5.00000000040405,1.20208152801713,5.00000000040405,1.20208152801713,5.00000000040405,1.20208152801713,5.00000000040405,1.20208152801713,5.00000000040405
55,2,0.194068248860462,0.1467206625439,0.650259590179905,0.2,0.15,0.69,0.0403142642051359,2,0,1,0,8.88178419700125e-16,0,0,0,0,-0.401032862529351,0.691837309066815,1.56513052000345,0.821334806102043,0.695929591840643,0.00283749706793649,-0.401032862529351,0.691837309066815,1.56513052000345,0.821334806102043,0.695929591840643,0.00283749706793649,1.20208152801713,5.00000000040405,1.20208152801713,5.00000000040405,1.20208152801713,5.00000000040405,1.20208152801713,5.00000000040405,1.20208152801713,5.00000000040405,1.20208152801713,5.00000000040405,1.20208152801713,5.00000000040405,1.20208152801713,5.00000000040405
56,2,0.1947778937517,0.147113532545041,0.652633683598192,0.2,0.15,0.69,0.0378397104835269,2,0,1,0,8.88178419700125e-16,0,0,0,0,-0.395773760802362,0.691484701548915,1.56876184798128,0.816297613175029,0.701131962761294,0.00245202940601761,-0.395773760802362,0.691484701548915,1.56876184798128,0.816297613175029,0.701131962761294,0.00245202940601761,1.20208152801713,5.00000000040405,1.20208152801713,5.00000000040405,1.20208152801713,5.00000000040405,1.20208152801713,5.00000000040405,1.20208152801713,5.00000000040405,1.20208152801713,5.00000000040405,1.20208152801713,5.00000000040405,1.20208152801713,5.00000000040405
57,2,0.195403143267424,0.147460087651889,0.654865312849755,0.2,0.15,0.69,0.035525040291342,2,0,1,0,8.88178419700125e-16,0,0,0,0,-0.390601852220945,0.691243196102409,1.57217035940539,0.811358424051619,0.706219119148307,0.0020716427662775,-0.390601852220945,0.691243196102409,1.57217035940539,0.811358424051619,0.706219119148307,0.0020716427662775,1.20208152801713,5.00000000040405,1.20208152801713,5.00000000040405,1.20208152801713,5.00000000040405,1.20208152801713,5.00000000040405,1.20208152801713,5.00000000040405,1.20208152801713,5.00000000040405,1.20208152801713,5.00000000040405,1.20208152801713,5.00000000040405
58,2,0.195954036646498,0.147765762996782,0.656963069440013,0.2,0.15,0.69,0.0333586632716279,2,0,1,0,8.88178419700125e-16,0,0,0,0,-0.385514891449142,0.691094706129731,1.57536631054652,0.806515022948669,0.711192377401703,0.00169614924625367,-0.385514891449142,0.691094706129731,1.57536631054652,0.806515022948669,0.711192377401703,0.00169614924625367,1.20208152801713,5.00000000040405,1.20208152801713,5.00000000040405,1.20208152801713,5.00000000040405,1.20208152801713,5.00000000040405,1.20208152801713,5.00000000040405,1.20208152801713,5.00000000040405,1.20208152801713,5.00000000040405,1.20208152801713,5.00000000040405
59,2,0.196439419172414,0.148035359015942,0.658935018919584,0.2,0.15,0.69,0.0313300271233944,2,0,1,0,8.88178419700125e-16,0,0,0,0,-0.380510905923389,0.691023384916986,1.57835954562174,0.801765142035665,0.716053394936134,0.00132538406490627,-0.380510905923389,0.691023384916986,1.57835954562174,0.801765142035665,0.716053394936134,0.00132538406490627,1.20208152801713,5.00000000040405,1.20208152801713,5.00000000040405,1.20208152801713,5.00000000040405,1.20208152801713,5.00000000040405,1.20208152801713,5.00000000040405,1.20208152801713,5.00000000040405,1.20208152801713,5.00000000040405,1.20208152801713,5.00000000040405
60,2,0.196867084112978,0.148273115060407,0.660788734617854,0.2,0.15,0.69,0.0294294974264923,2,0,1,0,8.88178419700125e-16,0,0,0,0,-0.375588131808632,0.691015390750202,1.58115953328748,0.797106504953472,0.720804119090018,0.000959200716042507,-0.375588131808632,0.691015390750202,1.58115953328748,0.797106504953472,0.720804119090018,0.000959200716042507,1.20208152801713,5.00000000040405,1.20208152801713,5.00000000040405,1.20208152801713,5.00000000040405,1.20208152801713,5.00000000040405,1.20208152801713,5.00000000040405,1.20208152801713,5.00000000040405,1.20208152801713,5.00000000040405,1.20208152801713,5.00000000040405
61,2,0.197243897789738,0.148482774567656,0.662531328908372,0.2,0.15,0.69,0.0276482542657937,2,0,1,0,8.88178419700125e-16,0,0,0,0,-0.370744964301805,0.691058671051076,1.58377539190366,0.792536859001414,0.725446739540129,0.000597467199485902,-0.370744964301805,0.691058671051076,1.58377539190366,0.792536859001414,0.725446739540129,0.000597467199485902,1.20208152801713,5.00000000040405,1.20208152801713,5.00000000040405,1.20208152801713,5.00000000040405,1.20208152801713,5.00000000040405,1.20208152801713,5.00000000040405,1.20208152801713,5.00000000040405,1.20208152801713,5.00000000040405,1.20208152801713,5.00000000040405
62,2,0.197575909783713,0.148667642739473,0.664169482245171,0.2,0.15,0.69,0.0259782031081621,2,0,1,0,8.88178419700125e-16,0,0,0,0,-0.365979919228831,0.691142765212369,1.58621590694621,0.788053998454491,0.729983644525486,0.00024006309299644,-0.365979919228831,0.691142765212369,1.58621590694621,0.788053998454491,0.729983644525486,0.00024006309299644,1.20208152801713,5.00000000040405,1.20208152801713,5.00000000040405,1.20208152801713,5.00000000040405,1.20208152801713,5.00000000040405,1.20208152801713,5.00000000040405,1.20208152801713,5.00000000040405,1.20208152801713,5.00000000040405,1.20208152801713,5.00000000040405
63,2,0.197868450044461,0.148830637571243,0.665709470175966,0.2,0.15,0.69,0.0244118977720906,2,0,1,0,8.88178419700125e-16,0,0,0,0,-0.361291603529408,0.691258625433791,1.58848954306539,0.783655780945129,0.734417381009797,-0.00011312271885998,-0.361291603529408,0.691258625433791,1.58848954306539,0.783655780945129,0.734417381009797,-0.00011312271885998,1.20208152801713,5.00000000040405,1.20208152801713,5.00000000040405,1.20208152801713,5.00000000040405,1.20208152801713,5.00000000040405,1.20208152801713,5.00000000040405,1.20208152801713,5.00000000040405,1.20208152801713,5.00000000040405,1.20208152801713,5.00000000040405
64,2,0.198126214458907,0.148974334986631,0.667157188511008,0.2,0.15,0.69,0.0229424736612096,2,0,1,0,8.88178419700125e-16,0,0,0,0,-0.35667869272974,0.691398454618734,1.5906044526216,0.779340138437176,0.738750618780083,-0.000462193802108036,-0.35667869272974,0.691398454618734,1.5906044526216,0.779340138437176,0.738750618780083,-0.000462193802108036,1.20208152801713,5.00000000040405,1.20208152801713,5.00000000040405,1.20208152801713,5.00000000040405,1.20208152801713,5.00000000040405,1.20208152801713,5.00000000040405,1.20208152801713,5.00000000040405,1.20208152801713,5.00000000040405,1.20208152801713,5.00000000040405
65,2,0.198353340251099,0.149101008749049,0.668518176803779,0.2,0.15,0.69,0.0215635897158068,2,0,1,0,8.88178419700125e-16,0,0,0,0,-0.352139913899927,0.691555560251882,1.5925684820268,0.775105084003609,0.74298611838286,-0.000807247529051849,-0.352139913899927,0.691555560251882,1.5925684820268,0.775105084003609,0.74298611838286,-0.000807247529051849,1.20208152801713,5.00000000040405,1.20208152801713,5.00000000040405,1.20208152801713,5.00000000040405,1.20208152801713,5.00000000040405,1.20208152801713,5.00000000040405,1.20208152801713,5.00000000040405,1.20208152801713,5.00000000040405,1.20208152801713,5.00000000040405
66,2,0.198553472420945,0.149212665747032,0.669797640281073,0.2,0.15,0.69,0.0202693777772226,2,0,1,0,8.88178419700125e-16,0,0,0,0,-0.347674032904987,0.691724223108906,1.59438917684001,0.770948715371293,0.747126702731532,-0.00114837612016035,-0.347674032904987,0.691724223108906,1.59438917684001,0.770948715371293,0.747126702731532,-0.00114837612016035,1.20208152801713,5.00000000040405,1.20208152801713,5.00000000040405,1.20208152801713,5.00000000040405,1.20208152801713,5.00000000040405,1.20208152801713,5.00000000040405,1.20208152801713,5.00000000040405,1.20208152801713,5.00000000040405,1.20208152801713,5.00000000040405
67,2,0.19872982228641,0.14931107718402,0.671000470344255,0.2,0.15,0.69,0.0190543982641808,2,0,1,0,8.88178419700125e-16,0,0,0,0,-0.343279845005086,0.69189957963102,1.59607378628138,0.766869216000125,0.751175232173488,-0.00148566744128844,-0.343279845005086,0.69189957963102,1.59607378628138,0.766869216000125,0.751175232173488,-0.00148566744128844,1.20208152801713,5.00000000040405,1.20208152801713,5.00000000040405,1.20208152801713,5.00000000040405,1.20208152801713,5.00000000040405,1.20208152801713,5.00000000040405,1.20208152801713,5.00000000040405,1.20208152801713,5.00000000040405,1.20208152801713,5.00000000040405
68,2,0.198885219067156,0.149397806143419,0.672131263750324,0.2,0.15,0.69,0.0179136012328511,2,0,1,0,8.88178419700125e-16,0,0,0,0,-0.338956168056012,0.692077516813566,1.59762926761676,0.762864854308004,0.755134582777792,-0.00181920561070106,-0.338956168056012,0.692077516813566,1.59762926761676,0.762864854308004,0.755134582777792,-0.00181920561070106,1.20208152801713,5.00000000040405,1.20208152801713,5.00000000040405,1.20208152801713,5.00000000040405,1.20208152801713,5.00000000040405,1.20208152801713,5.00000000040405,1.20208152801713,5.00000000040405,1.20208152801713,5.00000000040405,1.20208152801713,5.00000000040405
69,2,0.199022155336217,0.14947423194662,0.673194340570235,0.2,0.15,0.69,0.0168422920382502,2,0,1,0,8.88178419700125e-16,0,0,0,0,-0.334701837716191,0.692254578497689,1.59906229070804,0.758933981528446,0.75900762759009,-0.00214907145884443,-0.334701837716191,0.692254578497689,1.59906229070804,0.758933981528446,0.75900762759009,-0.00214907145884443,1.20208152801713,5.00000000040405,1.20208152801713,5.00000000040405,1.20208152801713,5.00000000040405,1.20208152801713,5.00000000040405,1.20208152801713,5.00000000040405,1.20208152801713,5.00000000040405,1.20208152801713,5.00000000040405,1.20208152801713,5.00000000040405
70,2,0.199142827068134,0.149541571674227,0.674193761012311,0.2,0.15,0.69,0.0158361009374446,2,0,1,0,8.88178419700125e-16,0,0,0,0,-0.330515704190148,0.692427882009045,1.60037924290927,0.755075028587638,0.762797220597179,-0.00247534287472448,-0.330515704190148,0.692427882009045,1.60037924290927,0.755075028587638,0.762797220597179,-0.00247534287472448,1.20208152801713,5.00000000040405,1.20208152801713,5.00000000040405,1.20208152801713,5.00000000040405,1.20208152801713,5.00000000040405,1.20208152801713,5.00000000040405,1.20208152801713,5.00000000040405,1.20208152801713,5.00000000040405,1.20208152801713,5.00000000040405
71,2,0.199249168925482,0.149600899178568,0.675133341190433,0.2,0.15,0.69,0.0148909560783783,2,0,1,0,8.88178419700125e-16,0,0,0,0,-0.326396630136872,0.692595044151526,1.60158623440582,0.75128650230706,0.766506183146751,-0.00279809506556929,-0.326396630136872,0.692595044151526,1.60158623440582,0.75128650230706,0.766506183146751,-0.00279809506556929,1.20208152801713,5.00000000040405,1.20208152801713,5.00000000040405,1.20208152801713,5.00000000040405,1.20208152801713,5.00000000040405,1.20208152801713,5.00000000040405,1.20208152801713,5.00000000040405,1.20208152801713,5.00000000040405,1.20208152801713,5.00000000040405
72,2,0.199342885349506,0.149653161878031,0.6760166679095,0.2,0.15,0.69,0.0140030594049999,2,0,1,0,8.88178419700125e-16,0,0,0,0,-0.322343489450196,0.692754115632593,1.60268910403419,0.747566981172784,0.770137292576252,-0.00311740075075736,-0.322343489450196,0.692754115632593,1.60268910403419,0.747566981172784,0.770137292576252,-0.00311740075075736,1.20208152801713,5.00000000040405,1.20208152801713,5.00000000040405,1.20208152801713,5.00000000040405,1.20208152801713,5.00000000040405,1.20208152801713,5.00000000040405,1.20208152801713,5.00000000040405,1.20208152801713,5.00000000040405,1.20208152801713,5.00000000040405
73,2,0.199425477953435,0.149699195590476,0.676847112534485,0.2,0.15,0.69,0.0131688650822796,2,0,1,0,8.88178419700125e-16,0,0,0,0,-0.318355166681108,0.69290352306706,1.60369342557948,0.743915110859871,0.773693272816616,-0.00343333030647147,-0.318355166681108,0.69290352306706,1.60369342557948,0.743915110859871,0.773693272816616,-0.00343333030647147,1.20208152801713,5.00000000040405,1.20208152801713,5.00000000040405,1.20208152801713,5.00000000040405,1.20208152801713,5.00000000040405,1.20208152801713,5.00000000040405,1.20208152801713,5.00000000040405,1.20208152801713,5.00000000040405,1.20208152801713,5.00000000040405
74,2,0.199498269657817,0.14973973763341,0.677627844003941,0.2,0.15,0.69,0.0123850601058915,2,0,1,0,8.88178419700125e-16,0,0,0,0,-0.314430556922088,0.693042017775775,1.60460451451994,0.740329599657761,0.777176786750913,-0.00374595187394248,-0.314430556922088,0.693042017775775,1.60460451451994,0.740329599657761,0.777176786750913,-0.00374595187394248,1.20208152801713,5.00000000040405,1.20208152801713,5.00000000040405,1.20208152801713,5.00000000040405,1.20208152801713,5.00000000040405,1.20208152801713,5.00000000040405,1.20208152801713,5.00000000040405,1.20208152801713,5.00000000040405,1.20208152801713,5.00000000040405
75,2,0.199562425955091,0.149775438392379,0.678361841043958,0.2,0.15,0.69,0.01164854681265,2,0,1,0,8.88178419700125e-16,0,0,0,0,-0.310568566013558,0.693168630663187,1.6054274351703,0.73680921390814,0.780590430123384,-0.00405533144128777,-0.310568566013558,0.693168630663187,1.6054274351703,0.73680921390814,0.780590430123384,-0.00405533144128777,1.20208152801713,5.00000000040405,1.20208152801713,5.00000000040405,1.20208152801713,5.00000000040405,1.20208152801713,5.00000000040405,1.20208152801713,5.00000000040405,1.20208152801713,5.00000000040405,1.20208152801713,5.00000000040405,1.20208152801713,5.00000000040405
76,2,0.199618973644598,0.149806871535812,0.679051903634302,0.2,0.15,0.69,0.0109564270508138,2,0,1,0,8.88178419700125e-16,0,0,0,0,-0.306768110964486,0.693282632522238,1.60616700816586,0.733352773539012,0.783936726810509,-0.00436153290667545,-0.306768110964486,0.693282632522238,1.60616700816586,0.733352773539012,0.783936726810509,-0.00436153290667545,1.20208152801713,5.00000000040405,1.20208152801713,5.00000000040405,1.20208152801713,5.00000000040405,1.20208152801713,5.00000000040405,1.20208152801713,5.00000000040405,1.20208152801713,5.00000000040405,1.20208152801713,5.00000000040405,1.20208152801713,5.00000000040405
77,2,0.199668817338736,0.149834543033936,0.6797006637746,0.2,0.15,0.69,0.010305987805474,2,0,1,0,8.88178419700125e-16,0,0,0,0,-0.303028120504531,0.693383499175851,1.60682781822415,0.729959147756371,0.787218125281819,-0.00466461812873916,-0.303028120504531,0.693383499175851,1.60682781822415,0.729959147756371,0.787218125281819,-0.00466461812873916,1.20208152801713,5.00000000040405,1.20208152801713,5.00000000040405,1.20208152801713,5.00000000040405,1.20208152801713,5.00000000040405,1.20208152801713,5.00000000040405,1.20208152801713,5.00000000040405,1.20208152801713,5.00000000040405,1.20208152801713,5.00000000040405
78,2,0.199712754005256,0.149858899121167,0.680310595594962,0.2,0.15,0.69,0.00969468810451792,2,0,1,0,8.88178419700125e-16,0,0,0,0,-0.299347535705315,0.693470880921047,1.60741422212025,0.726627250936978,0.790436996094014,-0.00496464696873657,-0.299347535705315,0.693470880921047,1.60741422212025,0.726627250936978,0.790436996094014,-0.00496464696873657,1.20208152801713,5.00000000040405,1.20208152801713,5.00000000040405,1.20208152801713,5.00000000040405,1.20208152801713,5.00000000040405,1.20208152801713,5.00000000040405,1.20208152801713,5.00000000040405,1.20208152801713,5.00000000040405,1.20208152801713,5.00000000040405
79,2,0.199751485779191,0.149880333325211,0.680884024852299,0.2,0.15,0.69,0.00912014705607832,2,0,1,0,8.88178419700125e-16,0,0,0,0,-0.295725310624329,0.693544575794431,1.6079303568132,0.723356038751483,0.793595630277099,-0.00526167732781245,-0.295725310624329,0.693544575794431,1.6079303568132,0.723356038751483,0.793595630277099,-0.00526167732781245,1.20208152801713,5.00000000040405,1.20208152801713,5.00000000040405,1.20208152801713,5.00000000040405,1.20208152801713,5.00000000040405,1.20208152801713,5.00000000040405,1.20208152801713,5.00000000040405,1.20208152801713,5.00000000040405,1.20208152801713,5.00000000040405
80,2,0.199785631250193,0.149899192671821,0.681423137850748,0.2,0.15,0.69,0.00858013288973886,2,0,1,0,8.88178419700125e-16,0,0,0,0,-0.292160412937574,0.693604506226262,1.60838014766461,0.720144504535848,0.796696238485651,-0.00555576518183488,-0.292160412937574,0.693604506226262,1.60838014766461,0.720144504535848,0.796696238485651,-0.00555576518183488,1.20208152801713,5.00000000040405,1.20208152801713,5.00000000040405,1.20208152801713,5.00000000040405,1.20208152801713,5.00000000040405,1.20208152801713,5.00000000040405,1.20208152801713,5.00000000040405,1.20208152801713,5.00000000040405,1.20208152801713,5.00000000040405
81,2,0.199815735406616,0.14991578316152,0.681929989821972,0.2,0.15,0.69,0.00807255289172692,2,0,1,0,8.88178419700125e-16,0,0,0,0,-0.288651824536877,0.693650698694839,1.60876731669475,0.716991675920163,0.799740950801797,-0.00584696461557426,-0.288651824536877,0.693650698694839,1.60876731669475,0.716991675920163,0.799740950801797,-0.00584696461557426,1.20208152801713,5.00000000040405,1.20208152801713,5.00000000040405,1.20208152801713,5.00000000040405,1.20208152801713,5.00000000040405,1.20208152801713,5.00000000040405,1.20208152801713,5.00000000040405,1.20208152801713,5.00000000040405,1.20208152801713,5.00000000040405
82,2,0.1998422783961,0.149930374603374,0.682406512798764,0.2,0.15,0.69,0.00759544413945162,2,0,1,0,8.88178419700125e-16,0,0,0,0,-0.285198542075512,0.693683266033503,1.60909539082657,0.713896611717088,0.802731817088988,-0.00613532785744953,-0.285198542075512,0.693683266033503,1.60909539082657,0.713896611717088,0.802731817088988,-0.00613532785744953,1.20208152801713,5.00000000040405,1.20208152801713,5.00000000040405,1.20208152801713,5.00000000040405,1.20208152801713,5.00000000040405,1.20208152801713,5.00000000040405,1.20208152801713,5.00000000040405,1.20208152801713,5.00000000040405,1.20208152801713,5.00000000040405
83,2,0.199865683243458,0.149943204881034,0.682854523013134,0.2,0.15,0.69,0.00714696495349279,2,0,1,0,8.88178419700125e-16,0,0,0,0,-0.281799577451705,0.693702392079483,1.60936771007369,0.710858399066889,0.805670807807191,-0.006420905315645,-0.281799577451705,0.693702392079483,1.60936771007369,0.710858399066889,0.805670807807191,-0.006420905315645,1.20208152801713,5.00000000040405,1.20208152801713,5.00000000040405,1.20208152801713,5.00000000040405,1.20208152801713,5.00000000040405,1.20208152801713,5.00000000040405,1.20208152801713,5.00000000040405,1.20208152801713,5.00000000040405,1.20208152801713,5.00000000040405
84,2,0.199886322649908,0.149954483717491,0.683275727848073,0.2,0.15,0.69,0.00672538699593363,2,0,1,0,8.88178419700125e-16,0,0,0,0,-0.278453958224108,0.693708318387255,1.6095874356334,0.707876150832145,0.808559815210629,-0.00670374561607869,-0.278453958224108,0.693708318387255,1.6095874356334,0.707876150832145,0.808559815210629,-0.00670374561607869,1.20208152801713,5.00000000040405,1.20208152801713,5.00000000040405,1.20208152801713,5.00000000040405,1.20208152801713,5.00000000040405,1.20208152801713,5.00000000040405,1.20208152801713,5.00000000040405,1.20208152801713,5.00000000040405,1.20208152801713,5.00000000040405
85,2,0.199904524982964,0.149964395997244,0.683671732370268,0.2,0.15,0.69,0.006329087953047,2,0,1,0,8.88178419700125e-16,0,0,0,0,-0.275160727956812,0.69370133275933,1.60975755785135,0.704949003232266,0.811400654858808,-0.00698389564245971,-0.275160727956812,0.69370133275933,1.60975755785135,0.704949003232266,0.811400654858808,-0.00698389564245971,1.20208152801713,5.00000000040405,1.20208152801713,5.00000000040405,1.20208152801713,5.00000000040405,1.20208152801713,5.00000000040405,1.20208152801713,5.00000000040405,1.20208152801713,5.00000000040405,1.20208152801713,5.00000000040405,1.20208152801713,5.00000000040405
86,2,0.199920579553296,0.14997310469774,0.684044045469347,0.2,0.15,0.69,0.00595654474807662,2,0,1,0,8.88178419700125e-16,0,0,0,0,-0.271918946493983,0.693681759374645,1.60988090402929,0.70207611370604,0.814195067380223,-0.00726140057849102,-0.271918946493983,0.693681759374645,1.60988090402929,0.70207611370604,0.814195067380223,-0.00726140057849102,1.20208152801713,5.00000000040405,1.20208152801713,5.00000000040405,1.20208152801713,5.00000000040405,1.20208152801713,5.00000000040405,1.20208152801713,5.00000000040405,1.20208152801713,5.00000000040405,1.20208152801713,5.00000000040405,1.20208152801713,5.00000000040405
87,2,0.199934741263402,0.149980753475893,0.684394085627593,0.2,0.15,0.69,0.00560632723644895,2,0,1,0,8.88178419700125e-16,0,0,0,0,-0.268727690166069,0.693649950319252,1.60996014605228,0.699256658989021,0.816944720435936,-0.00753630395214289,-0.268727690166069,0.693649950319252,1.60996014605228,0.699256658989021,0.816944720435936,-0.00753630395214289,1.20208152801713,5.00000000040405,1.20208152801713,5.00000000040405,1.20208152801713,5.00000000040405,1.20208152801713,5.00000000040405,1.20208152801713,5.00000000040405,1.20208152801713,5.00000000040405,1.20208152801713,5.00000000040405,1.20208152801713,5.00000000040405
88,2,0.199947234702874,0.149987468950141,0.684723186342556,0.2,0.15,0.69,0.00527709234135443,2,0,1,0,8.88178419700125e-16,0,0,0,0,-0.265586051930855,0.69360627834602,1.60999780781555,0.696489833391855,0.819651210837248,-0.00780864768182977,-0.265586051930855,0.69360627834602,1.60999780781555,0.696489833391855,0.819651210837248,-0.00780864768182977,1.20208152801713,5.00000000040405,1.20208152801713,5.00000000040405,1.20208152801713,5.00000000040405,1.20208152801713,5.00000000040405,1.20208152801713,5.00000000040405,1.20208152801713,5.00000000040405,1.20208152801713,5.00000000040405,1.20208152801713,5.00000000040405
89,2,0.199958257756119,0.149993362713764,0.685032601223626,0.2,0.15,0.69,0.00496757859243493,2,0,1,0,8.88178419700125e-16,0,0,0,0,-0.262493141453486,0.693551130709792,1.60999627243571,0.693774847265238,0.8223160667779,-0.00807847212426174,-0.262493141453486,0.693551130709792,1.60999627243571,0.693774847265238,0.8223160667779,-0.00807847212426174,1.20208152801713,5.00000000040405,1.20208152801713,5.00000000040405,1.20208152801713,5.00000000040405,1.20208152801713,5.00000000040405,1.20208152801713,5.00000000040405,1.20208152801713,5.00000000040405,1.20208152801713,5.00000000040405,1.20208152801713,5.00000000040405
90,2,0.199967984780568,0.149998533111016,0.685323508782289,0.2,0.15,0.69,0.00467660103444428,2,0,1,0,8.88178419700125e-16,0,0,0,0,-0.259448085130161,0.693484903942096,1.60995778923406,0.691110925637221,0.824940750146839,-0.00834581612370319,-0.259448085130161,0.693484903942096,1.60995778923406,0.691110925637221,0.824940750146839,-0.00834581612370319,1.20208152801713,5.00000000040405,1.20208152801713,5.00000000040405,1.20208152801713,5.00000000040405,1.20208152801713,5.00000000040405,1.20208152801713,5.00000000040405,1.20208152801713,5.00000000040405,1.20208152801713,5.00000000040405,1.20208152801713,5.00000000040405
91,2,0.199976569406514,0.150003066803935,0.685597016934595,0.2,0.15,0.69,0.00440304647627544,2,0,1,0,8.88178419700125e-16,0,0,0,0,-0.256450026060468,0.693407999445264,1.60988448048317,0.688497307008781,0.8275266588925,-0.00861071706235167,-0.256450026060468,0.693407999445264,1.60988448048317,0.688497307008781,0.8275266588925,-0.00861071706235167,1.20208152801713,5.00000000040405,1.20208152801713,5.00000000040405,1.20208152801713,5.00000000040405,1.20208152801713,5.00000000040405,1.20208152801713,5.00000000040405,1.20208152801713,5.00000000040405,1.20208152801713,5.00000000040405,1.20208152801713,5.00000000040405
92,2,0.199984147003618,0.150007040154425,0.685854167233206,0.2,0.15,0.69,0.00414586905382869,2,0,1,0,8.88178419700125e-16,0,0,0,0,-0.253498123973451,0.693320819799899,1.60977834791052,0.685933242294005,0.830075129413923,-0.00887321091154302,-0.253498123973451,0.693320819799899,1.60977834791052,0.685933242294005,0.830075129413923,-0.00887321091154302,1.20208152801713,5.00000000040405,1.20208152801713,5.00000000040405,1.20208152801713,5.00000000040405,1.20208152801713,5.00000000040405,1.20208152801713,5.00000000040405,1.20208152801713,5.00000000040405,1.20208152801713,5.00000000040405,1.20208152801713,5.00000000040405
93,2,0.199990836853765,0.150010520443321,0.686095938845354,0.2,0.15,0.69,0.00390408608283575,2,0,1,0,8.88178419700125e-16,0,0,0,0,-0.250591555112435,0.693223765692136,1.60964127895549,0.683417993891793,0.832587438957884,-0.00913333228349314,-0.250591555112435,0.693223765692136,1.60964127895549,0.683417993891793,0.832587438957884,-0.00913333228349314,1.20208152801713,5.00000000040405,1.20208152801713,5.00000000040405,1.20208152801713,5.00000000040405,1.20208152801713,5.00000000040405,1.20208152801713,5.00000000040405,1.20208152801713,5.00000000040405,1.20208152801713,5.00000000040405,1.20208152801713,5.00000000040405
94,2,0.199996744065243,0.150013566945627,0.686323252292016,0.2,0.15,0.69,0.00367677418007839,2,0,1,0,8.88178419700125e-16,0,0,0,0,-0.247729512083517,0.693117233378308,1.60947505277807,0.68095083487665,0.835064808004564,-0.00939111448329759,-0.247729512083517,0.693117233378308,1.60947505277807,0.68095083487665,0.835064808004564,-0.00939111448329759,1.20208152801713,5.00000000040405,1.20208152801713,5.00000000040405,1.20208152801713,5.00000000040405,1.20208152801713,5.00000000040405,1.20208152801713,5.00000000040405,1.20208152801713,5.00000000040405,1.20208152801713,5.00000000040405,1.20208152801713,5.00000000040405
95,2,0.20000196125903,0.150016231878829,0.68653697296269,0.2,0.15,0.69,0.00346306563344799,2,0,1,0,8.88178419700125e-16,0,0,0,0,-0.244911203672382,0.693001612614531,1.60928134601962,0.678531048296818,0.837508402627277,-0.00964658956092655,-0.244911203672382,0.693001612614531,1.60928134601962,0.678531048296818,0.837508402627277,-0.00964658956092655,1.20208152801713,5.00000000040405,1.20208152801713,5.00000000040405,1.20208152801713,5.00000000040405,1.20208152801713,5.00000000040405,1.20208152801713,5.00000000040405,1.20208152801713,5.00000000040405,1.20208152801713,5.00000000040405,1.20208152801713,5.00000000040405
96,2,0.200006570054347,0.150018561239239,0.686737914419287,0.2,0.15,0.69,0.00326214500307918,2,0,1,0,8.88178419700125e-16,0,0,0,0,-0.242135854633849,0.692877284987501,1.60906173831723,0.676157926568799,0.839919336814329,-0.00989978836297246,-0.242135854633849,0.692877284987501,1.60906173831723,0.676157926568799,0.839919336814329,-0.00989978836297246,1.20208152801713,5.00000000040405,1.20208152801713,5.00000000040405,1.20208152801713,5.00000000040405,1.20208152801713,5.00000000040405,1.20208152801713,5.00000000040405,1.20208152801713,5.00000000040405,1.20208152801713,5.00000000040405,1.20208152801713,5.00000000040405
97,2,0.200010642377352,0.150020595539541,0.68692684150182,0.2,0.15,0.69,0.00307324593734064,2,0,1,0,8.88178419700125e-16,0,0,0,0,-0.239402705458251,0.692744622590616,1.60881771757492,0.673830770958036,0.84229867474333,-0.0101507405839293,-0.239402705458251,0.692744622590616,1.60881771757492,0.673830770958036,0.84229867474333,-0.0101507405839293,1.20208152801713,5.00000000040405,1.20208152801713,5.00000000040405,1.20208152801713,5.00000000040405,1.20208152801713,5.00000000040405,1.20208152801713,5.00000000040405,1.20208152801713,5.00000000040405,1.20208152801713,5.00000000040405,1.20208152801713,5.00000000040405
98,2,0.200014241614058,0.150022370459191,0.687104473247818,0.2,0.15,0.69,0.0028956481888547,2,0,1,0,8.88178419700125e-16,0,0,0,0,-0.23671101211843,0.692603986996417,1.60855068499572,0.671548891136303,0.844647433000251,-0.0103994748168052,-0.23671101211843,0.692603986996417,1.60855068499572,0.671548891136303,0.844647433000251,-0.0103994748168052,1.20208152801713,5.00000000040405,1.20208152801713,5.00000000040405,1.20208152801713,5.00000000040405,1.20208152801713,5.00000000040405,1.20208152801713,5.00000000040405,1.20208152801713,5.00000000040405,1.20208152801713,5.00000000040405,1.20208152801713,5.00000000040405
99,2,0.200017423626006,0.150023917417932,0.68727148563665,0.2,0.15,0.69,0.00272867481694485,2,0,1,0,8.88178419700125e-16,0,0,0,0,-0.234060045800807,0.692455728482473,1.60826195987984,0.669311604807122,0.846966582737164,-0.0106460186028933,-0.234060045800807,0.692455728482473,1.60826195987984,0.669311604807122,0.846966582737164,-0.0106460186028933,1.20208152801713,5.00000000040405,1.20208152801713,5.00000000040405,1.20208152801713,5.00000000040405,1.20208152801713,5.00000000040405,1.20208152801713,5.00000000040405,1.20208152801713,5.00000000040405,1.20208152801713,5.00000000040405,1.20208152801713,5.00000000040405
100,2,0.200020237645056,0.150025264081482,0.687428514169295,0.2,0.15,0.69,0.00257168956400378,2,0,1,0,8.88178419700125e-16,0,0,0,0,-0.23144909262368,0.692300185473207,1.60795278419452,0.667118237391196,0.849257051764067,-0.0108903984805476,-0.23144909262368,0.692300185473207,1.60795278419452,0.667118237391196,0.849257051764067,-0.0108903984805476,1.20208152801713,5.00000000040405,1.20208152801713,5.00000000040405,1.20208152801713,5.00000000040405,1.20208152801713,5.00000000040405,1.20208152801713,5.00000000040405,1.20208152801713,5.00000000040405,1.20208152801713,5.00000000040405,1.20208152801713,5.00000000040405
101,2,0.200022727061665,0.150026434807413,0.687576156293429,0.2,0.15,0.69,0.00242409439425472,2,0,1,0,8.88178419700125e-16,0,0,0,0,-0.228877453345567,0.692137684164975,1.60762432692208,0.664968121764603,0.851519726571451,-0.0111326400328336,-0.228877453345567,0.692137684164975,1.60762432692208,0.664968121764603,0.851519726571451,-0.0111326400328336,1.20208152801713,5.00000000040405,1.20208152801713,5.00000000040405,1.20208152801713,5.00000000040405,1.20208152801713,5.00000000040405,1.20208152801713,5.00000000040405,1.20208152801713,5.00000000040405,1.20208152801713,5.00000000040405,1.20208152801713,5.00000000040405
102,2,0.200024930119358,0.150027451038253,0.687714973683129,0.2,0.15,0.69,0.00228532718426627,2,0,1,0,8.88178419700125e-16,0,0,0,0,-0.226344443066145,0.69196853830585,1.60727768819298,0.662860598043112,0.853755454281284,-0.0113727679339426,-0.226344443066145,0.69196853830585,1.60727768819298,0.662860598043112,0.853755454281284,-0.0113727679339426,1.20208152801713,5.00000000040405,1.20208152801713,5.00000000040405,1.20208152801713,5.00000000040405,1.20208152801713,5.00000000040405,1.20208152801713,5.00000000040405,1.20208152801713,5.00000000040405,1.20208152801713,5.00000000040405,1.20208152801713,5.00000000040405
103,2,0.200026880526554,0.150028331648054,0.687845494381913,0.2,0.15,0.69,0.00215485955536768,2,0,1,0,8.88178419700125e-16,0,0,0,0,-0.223849390922034,0.691793049105342,1.60691390321089,0.660795013406621,0.855965044525018,-0.0116108059942801,-0.223849390922034,0.691793049105342,1.60691390321089,0.660795013406621,0.855965044525018,-0.0116108059942801,1.20208152801713,5.00000000040405,1.20208152801713,5.00000000040405,1.20208152801713,5.00000000040405,1.20208152801713,5.00000000040405,1.20208152801713,5.00000000040405,1.20208152801713,5.00000000040405,1.20208152801713,5.00000000040405,1.20208152801713,5.00000000040405
104,2,0.200028607995578,0.150029093247919,0.687968214817328,0.2,0.15,0.69,0.00203219483884096,2,0,1,0,8.88178419700125e-16,0,0,0,0,-0.221391639779412,0.691611505252484,1.60653394597737,0.658770721958298,0.858149271247977,-0.0118467772041528,-0.221391639779412,0.691611505252484,1.60653394597737,0.658770721958298,0.858149271247977,-0.0118467772041528,1.20208152801713,5.00000000040405,1.20208152801713,5.00000000040405,1.20208152801713,5.00000000040405,1.20208152801713,5.00000000040405,1.20208152801713,5.00000000040405,1.20208152801713,5.00000000040405,1.20208152801713,5.00000000040405,1.20208152801713,5.00000000040405
105,2,0.200030138717544,0.150029750455328,0.688083601694788,0.2,0.15,0.69,0.00191686616541361,2,0,1,0,8.88178419700125e-16,0,0,0,0,-0.218970545925216,0.691424183023634,1.60613873282348,0.656787084613557,0.86030887444009,-0.0120807037760015,-0.218970545925216,0.691424183023634,1.60613873282348,0.656787084613557,0.86030887444009,-0.0120807037760015,1.20208152801713,5.00000000040405,1.20208152801713,5.00000000040405,1.20208152801713,5.00000000040405,1.20208152801713,5.00000000040405,1.20208152801713,5.00000000040405,1.20208152801713,5.00000000040405,1.20208152801713,5.00000000040405,1.20208152801713,5.00000000040405
106,2,0.200031495780739,0.15003031613154,0.688192093777908,0.2,0.15,0.69,0.00180843467117666,2,0,1,0,8.88178419700125e-16,0,0,0,0,-0.216585478758456,0.691231346463821,1.60572912575608,0.654843469014479,0.862444561793495,-0.0123126071851342,-0.216585478758456,0.691231346463821,1.60572912575608,0.654843469014479,0.862444561793495,-0.0123126071851342,1.20208152801713,5.00000000040405,1.20208152801713,5.00000000040405,1.20208152801713,5.00000000040405,1.20208152801713,5.00000000040405,1.20208152801713,5.00000000040405,1.20208152801713,5.00000000040405,1.20208152801713,5.00000000040405,1.20208152801713,5.00000000040405
107,2,0.200032699539227,0.150030801590856,0.688294103562147,0.2,0.15,0.69,0.00170648781259738,2,0,1,0,8.88178419700125e-16,0,0,0,0,-0.214235820482936,0.691033247627715,1.60530593562632,0.652939249465788,0.864557010287965,-0.0125425082089347,-0.214235820482936,0.691033247627715,1.60530593562632,0.652939249465788,0.864557010287965,-0.0125425082089347,1.20208152801713,5.00000000040405,1.20208152801713,5.00000000040405,1.20208152801713,5.00000000040405,1.20208152801713,5.00000000040405,1.20208152801713,5.00000000040405,1.20208152801713,5.00000000040405,1.20208152801713,5.00000000040405,1.20208152801713,5.00000000040405
108,2,0.200033767937612,0.150031216785046,0.688390018848154,0.2,0.15,0.69,0.00161063778379201,2,0,1,0,8.88178419700125e-16,0,0,0,0,-0.211920965802543,0.690830126868217,1.60486992512793,0.651073806888891,0.866646867705432,-0.0127704269645285,-0.211920965802543,0.690830126868217,1.60486992512793,0.651073806888891,0.866646867705432,-0.0127704269645285,1.20208152801713,5.00000000040405,1.20208152801713,5.00000000040405,1.20208152801713,5.00000000040405,1.20208152801713,5.00000000040405,1.20208152801713,5.00000000040405,1.20208152801713,5.00000000040405,1.20208152801713,5.00000000040405,1.20208152801713,5.00000000040405
109,2,0.200034716797166,0.150031570465905,0.688480204220836,0.2,0.15,0.69,0.00152052002968924,2,0,1,0,8.88178419700125e-16,0,0,0,0,-0.209640321620028,0.690622213162353,1.60442181163284,0.649246528790895,0.868714754075222,-0.0129963829449019,-0.209640321620028,0.690622213162353,1.60442181163284,0.649246528790895,0.868714754075222,-0.0129963829449019,1.20208152801713,5.00000000040405,1.20208152801713,5.00000000040405,1.20208152801713,5.00000000040405,1.20208152801713,5.00000000040405,1.20208152801713,5.00000000040405,1.20208152801713,5.00000000040405,1.20208152801713,5.00000000040405,1.20208152801713,5.00000000040405
110,2,0.200035560067942,0.150031870328499,0.688565002439805,0.2,0.15,0.69,0.001435791849133,2,0,1,0,8.88178419700125e-16,0,0,0,0,-0.207393306740115,0.690409724465685,1.60396226987138,0.647456809245873,0.870761263051788,-0.0132203950534775,-0.207393306740115,0.690409724465685,1.60396226987138,0.647456809245873,0.870761263051788,-0.0132203950534775,1.20208152801713,5.00000000040405,1.20208152801713,5.00000000040405,1.20208152801713,5.00000000040405,1.20208152801713,5.00000000040405,1.20208152801713,5.00000000040405,1.20208152801713,5.00000000040405,1.20208152801713,5.00000000040405,1.20208152801713,5.00000000040405
111,2,0.200036310050887,0.150032123137405,0.688644735746502,0.2,0.15,0.69,0.00135613108236712,2,0,1,0,8.88178419700125e-16,0,0,0,0,-0.205179351577585,0.690192868087685,1.60349193446443,0.645704048885964,0.872786963226931,-0.0134424816371586,-0.205179351577585,0.690192868087685,1.60349193446443,0.645704048885964,0.872786963226931,-0.0134424816371586,1.20208152801713,5.00000000040405,1.20208152801713,5.00000000040405,1.20208152801713,5.00000000040405,1.20208152801713,5.00000000040405,1.20208152801713,5.00000000040405,1.20208152801713,5.00000000040405,1.20208152801713,5.00000000040405,1.20208152801713,5.00000000040405
112,2,0.200036977593566,0.150032334837948,0.688719707093019,0.2,0.15,0.69,0.00128123487770027,2,0,1,0,8.88178419700125e-16,0,0,0,0,-0.202997897870894,0.689971841081724,1.60301140231434,0.643987654900203,0.874792399378619,-0.0136626605178626,-0.202997897870894,0.689971841081724,1.60301140231434,0.643987654900203,0.874792399378619,-0.0136626605178626,1.20208152801713,5.00000000040405,1.20208152801713,5.00000000040405,1.20208152801713,5.00000000040405,1.20208152801713,5.00000000040405,1.20208152801713,5.00000000040405,1.20208152801713,5.00000000040405,1.20208152801713,5.00000000040405,1.20208152801713,5.00000000040405
113,2,0.200037572262601,0.150032510654215,0.688790201297291,0.2,0.15,0.69,0.0012108185324936,2,0,1,0,8.88178419700125e-16,0,0,0,0,-0.200848398401757,0.689746830644234,1.60252123486169,0.642307041039224,0.876778093658602,-0.013880949022566,-0.200848398401757,0.689746830644234,1.60252123486169,0.642307041039224,0.876778093658602,-0.013880949022566,1.20208152801713,5.00000000040405,1.20208152801713,5.00000000040405,1.20208152801713,5.00000000040405,1.20208152801713,5.00000000040405,1.20208152801713,5.00000000040405,1.20208152801713,5.00000000040405,1.20208152801713,5.00000000040405,1.20208152801713,5.00000000040405
114,2,0.200038102495624,0.150032655175413,0.688856486129079,0.2,0.15,0.69,0.00114461440391224,2,0,1,0,8.88178419700125e-16,0,0,0,0,-0.198730316721043,0.689518014518536,1.60202196021435,0.640661627624248,0.878744546721099,-0.0140973640118953,-0.198730316721043,0.689518014518536,1.60202196021435,0.640661627624248,0.878744546721099,-0.0140973640118953,1.20208152801713,5.00000000040405,1.20208152801713,5.00000000040405,1.20208152801713,5.00000000040405,1.20208152801713,5.00000000040405,1.20208152801713,5.00000000040405,1.20208152801713,5.00000000040405,1.20208152801713,5.00000000040405,1.20208152801713,5.00000000040405
115,2,0.200038575735165,0.150032772431949,0.688918813330897,0.2,0.15,0.69,0.00108237088518045,2,0,1,0,8.88178419700125e-16,0,0,0,0,-0.196643126881237,0.689285561399501,1.60151407515533,0.639050841558939,0.880692238794827,-0.0143119219072944,-0.196643126881237,0.689285561399501,1.60151407515533,0.639050841558939,0.880692238794827,-0.0143119219072944,1.20208152801713,5.00000000040405,1.20208152801713,5.00000000040405,1.20208152801713,5.00000000040405,1.20208152801713,5.00000000040405,1.20208152801713,5.00000000040405,1.20208152801713,5.00000000040405,1.20208152801713,5.00000000040405,1.20208152801713,5.00000000040405
116,2,0.200038998546629,0.150032865962456,0.688977419577778,0.2,0.15,0.69,0.00102385144334421,2,0,1,0,8.88178419700125e-16,0,0,0,0,-0.19458631317566,0.689049631335912,1.60099804703556,0.637474116342968,0.88262163070071,-0.0145246387168093,-0.19458631317566,0.689049631335912,1.60099804703556,0.637474116342968,0.88262163070071,-0.0145246387168093,1.20208152801713,5.00000000040405,1.20208152801713,5.00000000040405,1.20208152801713,5.00000000040405,1.20208152801713,5.00000000040405,1.20208152801713,5.00000000040405,1.20208152801713,5.00000000040405,1.20208152801713,5.00000000040405,1.20208152801713,5.00000000040405
117,2,0.200039376722259,0.15003293887283,0.689032527379548,0.2,0.15,0.69,0.000968833714795231,2,0,1,0,8.88178419700125e-16,0,0,0,0,-0.192559369884555,0.688810376127922,1.6004743155576,0.635930892086223,0.884533164817534,-0.0147355300595295,-0.192559369884555,0.688810376127922,1.6004743155576,0.635930892086223,0.884533164817534,-0.0147355300595295,1.20208152801713,5.00000000040405,1.20208152801713,5.00000000040405,1.20208152801713,5.00000000040405,1.20208152801713,5.00000000040405,1.20208152801713,5.00000000040405,1.20208152801713,5.00000000040405,1.20208152801713,5.00000000040405,1.20208152801713,5.00000000040405
118,2,0.200039715372744,0.150032993888235,0.689084345929039,0.2,0.15,0.69,0.00091710865504583,2,0,1,0,8.88178419700125e-16,0,0,0,0,-0.190561801028121,0.688567939717485,1.59994329445595,0.634420615522834,0.886427265997858,-0.0149446111887289,-0.190561801028121,0.688567939717485,1.59994329445595,0.634420615522834,0.886427265997858,-0.0149446111887289,1.20208152801713,5.00000000040405,1.20208152801713,5.00000000040405,1.20208152801713,5.00000000040405,1.20208152801713,5.00000000040405,1.20208152801713,5.00000000040405,1.20208152801713,5.00000000040405,1.20208152801713,5.00000000040405,1.20208152801713,5.00000000040405
119,2,0.200040019007953,0.150033033398905,0.689133071899511,0.2,0.15,0.69,0.000868479739463225,2,0,1,0,8.88178419700125e-16,0,0,0,0,-0.188593120126498,0.688322458570073,1.59940537307945,0.632942740024253,0.888304342436382,-0.0151518970137524,-0.188593120126498,0.688322458570073,1.59940537307945,0.632942740024253,0.888304342436382,-0.0151518970137524,1.20208152801713,5.00000000040405,1.20208152801713,5.00000000040405,1.20208152801713,5.00000000040405,1.20208152801713,5.00000000040405,1.20208152801713,5.00000000040405,1.20208152801713,5.00000000040405,1.20208152801713,5.00000000040405,1.20208152801713,5.00000000040405
120,2,0.200040291608075,0.150033059500484,0.689178890194291,0.2,0.15,0.69,0.000822762211872519,2,0,1,0,8.88178419700125e-16,0,0,0,0,-0.186652849966686,0.688074062046318,1.59886091788105,0.631496725610807,0.890164786493006,-0.0153574021206906,-0.186652849966686,0.688074062046318,1.59886091788105,0.631496725610807,0.890164786493006,-0.0153574021206906,1.20208152801713,5.00000000040405,1.20208152801713,5.00000000040405,1.20208152801713,5.00000000040405,1.20208152801713,5.00000000040405,1.20208152801713,5.00000000040405,1.20208152801713,5.00000000040405,1.20208152801713,5.00000000040405,1.20208152801713,5.00000000040405
121,2,0.200040536686316,0.150033074029541,0.689221974651519,0.2,0.15,0.69,0.000779782378132534,2,0,1,0,8.88178419700125e-16,0,0,0,0,-0.184740522376346,0.687822872762559,1.5983102738199,0.630082038961195,0.892008975472688,-0.0155611407918927,-0.184740522376346,0.687822872762559,1.5983102738199,0.630082038961195,0.892008975472688,-0.0155611407918927,1.20208152801713,5.00000000040405,1.20208152801713,5.00000000040405,1.20208152801713,5.00000000040405,1.20208152801713,5.00000000040405,1.20208152801713,5.00000000040405,1.20208152801713,5.00000000040405,1.20208152801713,5.00000000040405,1.20208152801713,5.00000000040405
