step,time_s,success,routeB_residual,tip_x,tip_y,tip_z,target_x,target_y,target_z,err_x,err_y,err_z,tension_margin_low,tension_margin_high,torque_margin_low,torque_margin_high,active_lower_count,active_upper_count,cable_active_lower_count,cable_active_upper_count,jacobian_backend,jacobian_fallback,T_1,Tlow_1,Tup_1,T_2,Tlow_2,Tup_2,T_3,Tlow_3,Tup_3,T_4,Tlow_4,Tup_4,T_5,Tlow_5,Tup_5,T_6,Tlow_6,Tup_6,T_7,Tlow_7,Tup_7,T_8,Tlow_8,Tup_8,tau_1,tau_2,tau_3,tau_4,tau_5,tau_6,uwo_1,ua_1,uwo_2,ua_2,uwo_3,ua_3,uwo_4,ua_4,uwo_5,ua_5,uwo_6,ua_6,uwo_7,ua_7,uwo_8,ua_8,uwo_9,ua_9,uwo_10,ua_10,uwo_11,ua_11,uwo_12,ua_12,uwo_13,ua_13,uwo_14,ua_14
1,0,1,7.01998008215546e-14,0.156636642600868,0.107690361047947,0.285124963237541,0.336636642600868,0.00769036104794683,0.285124963237541,-0.18,0.1,0,2.66453525910038e-15,482.518801559547,35.2018272369929,38.3333533334399,6,0,6,0,pinocchio,0,5.00000000009617,1,0,5.00000000009617,1,0,5.00000000000006,1,0,5.00000000000006,1,0,5,1,0,5,1,0,17.4811984404529,0,0,17.4811984404529,0,0,0.213926665548655,-4.79817276300714,1.66664666656011,-0.0785752513094946,-0.00429175071926417,-0.00449028391417272,5.00000000009617,5.00000000009617,5.00000000009617,5.00000000009617,5.00000000000006,5.00000000000006,5.00000000000006,5.00000000000006,5,5,5,5,17.4811984404529,17.4811984404529,17.4811984404529,17.4811984404529,0.213926665548655,0.213926665548655,-5.73086443959372,-4.79817276300714,2.25297844997052,1.66664666656011,-0.0785752513094948,-0.0785752513094946,-0.0638907969394822,-0.00429175071926417,-0.00449028391417272,-0.00449028391417272
2,0.02,1,3.12693139354225e-12,0.163833576481725,0.103688537456902,0.285577546826414,0.336636642600868,0.00769036104794683,0.285124963237541,-0.172803066119143,0.0959981764089547,0.0004525835888739,2.76036971058602e-11,485.36455207571,37.8139986404251,39.3579625928346,2,0,2,0,pinocchio,0,6.10722596051709,0,0,6.10722596051709,0,0,7.43510558053299,0,0,7.43510558053299,0,0,5.0000000000276,1,0,5.0000000000276,1,0,14.63544792429,0,0,14.63544792429,0,0,0.114070736981457,-2.18600135957487,0.64203740716544,-0.0442718358257586,0.0310680975247705,-0.00255347547111969,6.10722596051709,6.10722596051709,6.10722596051709,6.10722596051709,7.43510558053299,7.43510558053299,7.43510558053299,7.43510558053299,5.0000000000276,5.0000000000276,5.0000000000276,5.0000000000276,14.63544792429,14.63544792429,14.63544792429,14.63544792429,0.114273826152157,0.114070736981457,-3.16973626348128,-2.18600135957487,1.24427049163437,0.64203740716544,-0.0451006969219847,-0.0442718358257586,-0.0279480634650611,0.0310680975247705,-0.00259055044687528,-0.00255347547111969
3,0.04,1,8.85354220665656e-15,0.175062657847941,0.0974425310244267,0.286333973726284,0.336636642600868,0.00769036104794683,0.285124963237541,-0.161573984752927,0.0897521699764799,0.00120901048874333,9.41868805170998e-11,487.315316034884,39.4709528656769,39.9486250379772,2,0,2,0,pinocchio,0,6.72851264388361,0,0,6.72851264388361,0,0,9.09695143673197,0,0,9.09695143673197,0,0,5.00000000009419,1,0,5.00000000009419,1,0,12.6846839651157,0,0,12.6846839651157,0,0,0.0513749620228481,-0.52904713432308,-0.00145135088227677,-0.0225727973360659,0.0483913619803497,-0.00133468206309391,6.72851264388361,6.72851264388361,6.72851264388361,6.72851264388361,9.09695143673197,9.09695143673197,9.09695143673197,9.09695143673197,5.00000000009419,5.00000000009419,5.00000000009419,5.00000000009419,12.6846839651157,12.6846839651157,12.6846839651157,12.6846839651157,0.0520833100831837,0.0513749620228481,-1.59185348528942,-0.52904713432308,0.625367327658111,-0.00145135088227677,-0.0245442799634077,-0.0225727973360659,-0.0098077042425686,0.0483913619803497,-0.00142566140005584,-0.00133468206309391
4,0.06,1,3.87194024525251e-15,0.188263515449473,0.0901028263908852,0.287312641270051,0.336636642600868,0.00769036104794683,0.285124963237541,-0.148373127151395,0.0824124653429384,0.0021876780325103,9.53633172429136e-09,488.60769753342,39.5951455564192,39.4801612509964,2,0,2,0,pinocchio,0,7.05017458570586,0,0,7.05017458570586,0,0,10.1771743037592,0,0,10.1771743037592,0,0,5.00000000953633,1,0,5.00000000953633,1,0,11.3923024665796,0,0,11.3923024665796,0,0,0.0126139840503246,0.519838749003592,-0.404854443580766,-0.00888846543659218,0.0565629402411309,-0.000570680104862982,7.05017458570586,7.05017458570586,7.05017458570586,7.05017458570586,10.1771743037592,10.1771743037592,10.1771743037592,10.1771743037592,5.00000000953633,5.00000000953633,5.00000000953633,5.00000000953633,11.3923024665796,11.3923024665796,11.3923024665796,11.3923024665796,0.0140198202986284,0.0126139840503246,-0.635086119101402,0.519838749003592,0.251263010253993,-0.404854443580766,-0.0120549358476154,-0.00888846543659218,-0.000876951437263074,0.0565629402411309,-0.000716683233491722,-0.000570680104862982
5,0.08,1,6.896192665416e-15,0.202120877753762,0.0824040652012304,0.288454972535531,0.336636642600868,0.00769036104794683,0.285124963237541,-0.134515764847106,0.0747137041532835,0.00333000929799088,2.90354407184168e-10,489.161797218339,39.3433170892897,38.8180195216145,2,0,2,0,pinocchio,0,7.19552244501741,0,0,7.19552244501741,0,0,10.8382027816607,0,0,10.8382027816607,0,0,5.00000000029035,1,0,5.00000000029035,1,0,10.5653617142894,0,0,10.5653617142894,0,0,-0.0109035786780322,1.18198047838553,-0.656682910710318,-0.000305699822151521,0.0601158201781547,-9.50077596855648e-05,7.19552244501741,7.19552244501741,7.19552244501741,7.19552244501741,10.8382027816607,10.8382027816607,10.8382027816607,10.8382027816607,5.00000000029035,5.00000000029035,5.00000000029035,5.00000000029035,10.5653617142894,10.5653617142894,10.5653617142894,10.5653617142894,-0.00869455508001948,-0.0109035786780322,-0.069778448760033,1.18198047838553,0.0307822301852241,-0.656682910710318,-0.0046525676964535,-0.000305699822151521,0.00332780632130181,0.0601158201781547,-0.000293630160861369,-9.50077596855648e-05
6,0.1,1,7.3428806282176e-15,0.215818816931203,0.0748009157432249,0.289714075622518,0.336636642600868,0.00769036104794683,0.285124963237541,-0.120817825669665,0.067110554695278,0.00458911238497728,2.14816386900907e-08,488.794206368637,39.1870986150119,38.4012105367257,2,0,2,0,pinocchio,0,7.24192113932403,0,0,7.24192113932403,0,0,11.2057936313627,0,0,11.2057936313627,0,0,5.00000002148164,1,0,5.00000002148164,1,0,10.059222657675,0,0,10.059222657675,0,0,-0.0247844993908368,1.59878946327431,-0.812901384988109,0.0050423572238486,0.0613537875774712,0.000198438489186238,7.24192113932403,7.24192113932403,7.24192113932403,7.24192113932403,11.2057936313627,11.2057936313627,11.2057936313627,11.2057936313627,5.00000002148164,5.00000002148164,5.00000002148164,5.00000002148164,10.059222657675,10.059222657675,10.059222657675,10.059222657675,-0.0217363744835524,-0.0247844993908368,0.250146449162429,1.59878946327431,-0.093718277256265,-0.812901384988109,-0.000452967920864467,0.0050423572238486,0.00512820666806135,0.0613537875774712,-4.99496022712265e-05,0.000198438489186238
7,0.12,1,9.15992056887174e-15,0.228873682812779,0.0675616648166453,0.291052271259589,0.336636642600868,0.00769036104794683,0.285124963237541,-0.107762959788089,0.0598713037686985,0.00592730802204799,1.78933312611207e-10,488.626578868687,39.0909141788065,38.1391958346091,2,0,2,0,pinocchio,0,7.23614033681201,0,0,7.23614033681201,0,0,11.3734211313135,0,0,11.3734211313135,0,0,5.00000000017893,1,0,5.00000000017893,1,0,9.7694618695695,0,0,9.7694618695695,0,0,-0.0326185887522009,1.86080416539093,-0.909085821193501,0.00835451622558828,0.0614473306028871,0.00037755599751023,7.23614033681201,7.23614033681201,7.23614033681201,7.23614033681201,11.3734211313135,11.3734211313135,11.3734211313135,11.3734211313135,5.00000000017893,5.00000000017893,5.00000000017893,5.00000000017893,9.7694618695695,9.7694618695695,9.7694618695695,9.7694618695695,-0.028745367166934,-0.0326185887522009,0.417769452984899,1.86080416539093,-0.158806301953724,-0.909085821193501,0.00175110649549737,0.00835451622558828,0.00572267063542142,0.0614473306028871,8.20875884386396e-05,0.00037755599751023
8,0.14,1,8.2193216202334e-15,0.241020663442531,0.0608320986906867,0.292440274922953,0.336636642600868,0.00769036104794683,0.285124963237541,-0.0956159791583372,0.0531417376427398,0.00731531168541233,1.91651761127787e-09,488.591245125848,39.032105359962,37.9740192406146,2,0,2,0,pinocchio,0,7.20536374772933,0,0,7.20536374772933,0,0,11.4087548741522,0,0,11.4087548741522,0,0,5.00000000191652,1,0,5.00000000191652,1,0,9.62248239609697,0,0,9.62248239609697,0,0,-0.0366931958297239,2.02598075938536,-0.96789464003796,0.0103991823017931,0.0609904557542494,0.0004857887440423,7.20536374772933,7.20536374772933,7.20536374772933,7.20536374772933,11.4087548741522,11.4087548741522,11.4087548741522,11.4087548741522,5.00000000191652,5.00000000191652,5.00000000191652,5.00000000191652,9.62248239609697,9.62248239609697,9.62248239609697,9.62248239609697,-0.0320394909400008,-0.0366931958297239,0.492331393926314,2.02598075938536,-0.187677268243533,-0.96789464003796,0.00273544270542203,0.0103991823017931,0.00572768892342879,0.0609904557542494,0.000145707598960598,0.0004857887440423
9,0.16,1,9.05178807486777e-15,0.252136969268634,0.054678796544357,0.293856279688492,0.336636642600868,0.00769036104794683,0.285124963237541,-0.084499673332234,0.0469884354964102,0.00873131645095193,5.63025448485632e-09,488.640157006784,38.9962532097356,37.8686604624714,2,0,2,0,pinocchio,0,7.16463411148597,0,0,7.16463411148597,0,0,11.3598429932161,0,0,11.3598429932161,0,0,5.00000000563025,1,0,5.00000000563025,1,0,9.56731350101844,0,0,9.56731350101844,0,0,-0.0384590254078412,2.13133953752855,-1.00374679026437,0.0116668137429841,0.0602837658311569,0.000550855549913737,7.16463411148597,7.16463411148597,7.16463411148597,7.16463411148597,11.3598429932161,11.3598429932161,11.3598429932161,11.3598429932161,5.00000000563025,5.00000000563025,5.00000000563025,5.00000000563025,9.56731350101844,9.56731350101844,9.56731350101844,9.56731350101844,-0.0330846495472699,-0.0384590254078412,0.51139018842148,2.13133953752855,-0.194998240602366,-1.00374679026437,0.00299691586116069,0.0116668137429841,0.00545888551864238,0.0602837658311569,0.000168447016811513,0.000550855549913737
10,0.18,1,6.1074909793891e-15,0.262190036136191,0.0491182730676731,0.295284777311439,0.336636642600868,0.00769036104794683,0.285124963237541,-0.0744466064646774,0.0414279120197263,0.0101598140738987,7.61901475243576e-09,488.739757719702,38.9742144425786,37.7995716170013,2,0,2,0,pinocchio,0,7.12170761200585,0,0,7.12170761200585,0,0,11.2602422802983,0,0,11.2602422802983,0,0,5.00000000761901,1,0,5.00000000761901,1,0,9.56917328075778,0,0,9.56917328075778,0,0,-0.0388307075176801,2.20042838299872,-1.02578555742143,0.0124683983088672,0.0594783719158921,0.000590347858235034,7.12170761200585,7.12170761200585,7.12170761200585,7.12170761200585,11.2602422802983,11.2602422802983,11.2602422802983,11.2602422802983,5.00000000761901,5.00000000761901,5.00000000761901,5.00000000761901,9.56917328075778,9.56917328075778,9.56917328075778,9.56917328075778,-0.032800033609611,-0.0388307075176801,0.498594365963037,2.20042838299872,-0.189984640304715,-1.02578555742143,0.00285121282999512,0.0124683983088672,0.00507653207034053,0.0594783719158921,0.000167739533168287,0.000590347858235034
11,0.2,1,7.00208206959855e-15,0.271202807580167,0.0441364462144795,0.296715295596789,0.336636642600868,0.00769036104794683,0.285124963237541,-0.065433835020701,0.0364460851665327,0.0115903323592488,8.3148705698477e-09,488.866993516243,38.9602286413511,37.7518735825251,2,0,2,0,pinocchio,0,7.08013016135047,0,0,7.08013016135047,0,0,11.1330064837573,0,0,11.1330064837573,0,0,5.00000000831487,1,0,5.00000000831487,1,0,9.6046708106701,0,0,9.6046708106701,0,0,-0.0383800541928122,2.24812641747493,-1.03977135864893,0.0129992560285102,0.0586490825933377,0.000615338550354909,7.08013016135047,7.08013016135047,7.08013016135047,7.08013016135047,11.1330064837573,11.1330064837573,11.1330064837573,11.1330064837573,5.00000000831487,5.00000000831487,5.00000000831487,5.00000000831487,9.6046708106701,9.6046708106701,9.6046708106701,9.6046708106701,-0.0317555415486552,-0.0383800541928122,0.468677215264975,2.24812641747493,-0.17836711346348,-1.03977135864893,0.00249637034559669,0.0129992560285102,0.00466074316751275,0.0586490825933377,0.000154508879383286,0.000615338550354909
12,0.22,1,8.61328770126108e-15,0.279230658305792,0.0397015189235459,0.298141217726002,0.336636642600868,0.00769036104794683,0.285124963237541,-0.0574059842950759,0.0320111578755991,0.0130162544884612,9.67058078060745e-09,489.006320978498,38.9507029724036,37.7162555326727,2,0,2,0,pinocchio,0,7.04113478564377,0,0,7.04113478564377,0,0,10.993679021502,0,0,10.993679021502,0,0,5.00000000967058,1,0,5.00000000967058,1,0,9.65833174970335,0,0,9.65833174970335,0,0,-0.0374601945311345,2.28374446732731,-1.04929702759636,0.0133804328225325,0.0578316764224482,0.000632714283643636,7.04113478564377,7.04113478564377,7.04113478564377,7.04113478564377,10.993679021502,10.993679021502,10.993679021502,10.993679021502,5.00000000967058,5.00000000967058,5.00000000967058,5.00000000967058,9.65833174970335,9.65833174970335,9.65833174970335,9.65833174970335,-0.0302990030990244,-0.0374601945311345,0.430674288758532,2.28374446732731,-0.163653956377459,-1.04929702759636,0.00205433737804839,0.0133804328225325,0.00425030807279114,0.0578316764224482,0.000135494327736296,0.000632714283643636
13,0.24,1,7.16768063009975e-15,0.286346232317957,0.035772396655866,0.299558772292186,0.336636642600868,0.00769036104794683,0.285124963237541,-0.0502904102829106,0.0280820356079191,0.0144338090546454,1.33742394936576e-08,489.147508889739,38.9434294641446,37.686970993733,2,0,2,0,pinocchio,0,7.00477734841616,0,0,7.00477734841616,0,0,10.8524911102615,0,0,10.8524911102615,0,0,5.00000001337424,1,0,5.00000001337424,1,0,9.72012600719133,0,0,9.72012600719133,0,0,-0.0362852823201067,2.31302900626701,-1.05657053585543,0.0136855510871257,0.057041936990068,0.00064668399495226,7.00477734841616,7.00477734841616,7.00477734841616,7.00477734841616,10.8524911102615,10.8524911102615,10.8524911102615,10.8524911102615,5.00000001337424,5.00000001337424,5.00000001337424,5.00000001337424,9.72012600719133,9.72012600719133,9.72012600719133,9.72012600719133,-0.0286379470967972,-0.0362852823201067,0.38999850435242,2.31302900626701,-0.147942968145856,-1.05657053585543,0.00159819070372436,0.0136855510871257,0.00386275573279704,0.057041936990068,0.000114758831813333,0.00064668399495226
14,0.26,1,8.65335500371769e-15,0.292629642473648,0.0323040936065828,0.300966220116283,0.336636642600868,0.00769036104794683,0.285124963237541,-0.0440070001272205,0.024613732558636,0.0158412568787424,2.24192255871003e-08,489.284046341475,38.9370803392922,37.6605427340448,2,0,2,0,pinocchio,0,6.97059159246121,0,0,6.97059159246121,0,0,10.7159536585249,0,0,10.7159536585249,0,0,5.00000002241923,1,0,5.00000002241923,1,0,9.78372871128673,0,0,9.78372871128673,0,0,-0.0349816446870643,2.33945726595516,-1.06291966070779,0.0139581961701711,0.0562854195785155,0.00065975394031958,6.97059159246121,6.97059159246121,6.97059159246121,6.97059159246121,10.7159536585249,10.7159536585249,10.7159536585249,10.7159536585249,5.00000002241923,5.00000002241923,5.00000002241923,5.00000002241923,9.78372871128673,9.78372871128673,9.78372871128673,9.78372871128673,-0.0268920051489658,-0.0349816446870643,0.349777586272573,2.33945726595516,-0.132443530532456,-1.06291966070779,0.00116991841175462,0.0139581961701711,0.00350474152545388,0.0562854195785155,9.46664025249788e-05,0.00065975394031958
15,0.28,1,5.74986289066589e-15,0.298162283573506,0.0292511195795989,0.30236322726978,0.336636642600868,0.00769036104794683,0.285124963237541,-0.0384743590273618,0.021560758531652,0.0172382640322395,4.53122099841607e-08,489.412001598087,38.9308829015852,37.6349270964686,2,0,2,0,pinocchio,0,6.93794816259216,0,0,6.93794816259216,0,0,10.5879984019128,0,0,10.5879984019128,0,0,5.00000004531221,1,0,5.00000004531221,1,0,9.84530725914198,0,0,9.84530725914198,0,0,-0.0336205594820953,2.36507290353141,-1.06911709841484,0.0142231362689307,0.0555624961036385,0.000673356669507167,6.93794816259216,6.93794816259216,6.93794816259216,6.93794816259216,10.5879984019128,10.5879984019128,10.5879984019128,10.5879984019128,5.00000004531221,5.00000004531221,5.00000004531221,5.00000004531221,9.84530725914198,9.84530725914198,9.84530725914198,9.84530725914198,-0.0251263776218096,-0.0336205594820953,0.311713975915303,2.36507290353141,-0.117811678209669,-1.06911709841484,0.00079198915162948,0.0142231362689307,0.0031774392629984,0.0555624961036385,7.65138295477641e-05,0.000673356669507167
16,0.3,1,4.29866440943563e-15,0.303023064278103,0.0265695228983151,0.303750397234445,0.336636642600868,0.00769036104794683,0.285124963237541,-0.0336135783227646,0.0188791618503682,0.0186254339969041,1.24090928643739e-07,489.529210750249,38.9244106585708,37.6089764764413,2,0,2,0,pinocchio,0,6.9062364442897,0,0,6.9062364442897,0,0,10.4707892497514,0,0,10.4707892497514,0,0,5.00000012409093,1,0,5.00000012409093,1,0,9.90268114865765,0,0,9.90268114865765,0,0,-0.0322392094373889,2.39102352355869,-1.07558934142915,0.0144935259860515,0.0548709836619443,0.000688255392697045,6.9062364442897,6.9062364442897,6.9062364442897,6.9062364442897,10.4707892497514,10.4707892497514,10.4707892497514,10.4707892497514,5.00000012409093,5.00000012409093,5.00000012409093,5.00000012409093,9.90268114865765,9.90268114865765,9.90268114865765,9.90268114865765,-0.0233731069956704,-0.0322392094373889,0.276635341495684,2.39102352355869,-0.104364290766043,-1.07558934142915,0.000474830897829293,0.0144935259860515,0.0028793496826296,0.0548709836619443,6.09372080617732e-05,0.000688255392697045
17,0.32,1,8.47404732132248e-15,0.30728624312338,0.0242180476888918,0.305128930856787,0.336636642600868,0.00769036104794683,0.285124963237541,-0.0293503994774884,0.016527686640945,0.0200039676192463,3.47230688646505e-10,489.634705022909,38.9174497200415,37.5820951813512,2,0,2,0,pinocchio,0,6.87494381388818,0,0,6.87494381388818,0,0,10.3652949770908,0,0,10.3652949770908,0,0,5.00000000034723,1,0,5.00000000034723,1,0,9.95474387220624,0,0,9.95474387220624,0,0,-0.0308540297830981,2.41790481864879,-1.08255027995852,0.0147754996073694,0.0542075270811326,0.000704802694634129,6.87494381388818,6.87494381388818,6.87494381388818,6.87494381388818,10.3652949770908,10.3652949770908,10.3652949770908,10.3652949770908,5.00000000034723,5.00000000034723,5.00000000034723,5.00000000034723,9.95474387220624,9.95474387220624,9.95474387220624,9.95474387220624,-0.0216445196282251,-0.0308540297830981,0.244844806118358,2.41790481864879,-0.0922151850454043,-1.08255027995852,0.000221625611757759,0.0147754996073694,0.00260776689277264,0.0542075270811326,4.81719618292686e-05,0.000704802694634129
18,0.34,1,8.90934383798425e-15,0.311020314837743,0.0221587153876053,0.306500384720802,0.336636642600868,0.00769036104794683,0.285124963237541,-0.0256163277631254,0.0144683543396584,0.0213754214832613,3.59280427630893e-09,489.728309496951,38.9099139766234,37.5540207254747,2,0,2,0,pinocchio,0,6.84367961041599,0,0,6.84367961041599,0,0,10.2716905030489,0,0,10.2716905030489,0,0,5.0000000035928,1,0,5.0000000035928,1,0,10.0010678538298,0,0,10.0010678538298,0,0,-0.0294691615964705,2.44597927452531,-1.09008602337659,0.0150710705755588,0.0535683335930284,0.000723104806785533,6.84367961041599,6.84367961041599,6.84367961041599,6.84367961041599,10.2716905030489,10.2716905030489,10.2716905030489,10.2716905030489,5.0000000035928,5.0000000035928,5.0000000035928,5.0000000035928,10.0010678538298,10.0010678538298,10.0010678538298,10.0010678538298,-0.019941646429146,-0.0294691615964705,0.216341609806385,2.44597927452531,-0.0813607585625817,-1.09008602337659,3.13474518662815e-05,0.0150710705755588,0.00235954500134028,0.0535683335930284,3.8217641446181e-05,0.000723104806785533
19,0.36,1,8.33556762087374e-15,0.314287572133036,0.0203570389409324,0.307866503114588,0.336636642600868,0.00769036104794683,0.285124963237541,-0.022349070467832,0.0126666778929856,0.0227415398770479,5.00999304264838e-08,489.810363913721,38.9017915933764,37.5246857100295,2,0,2,0,pinocchio,0,6.81216921805712,0,0,6.81216921805712,0,0,10.1896360862785,0,0,10.1896360862785,0,0,5.00000005009993,1,0,5.00000005009993,1,0,10.0416369920672,0,0,10.0416369920672,0,0,-0.0280817778618264,2.47531428997053,-1.0982084066236,0.0153799445485937,0.0529495628210978,0.000743125229803013,6.81216921805712,6.81216921805712,6.81216921805712,6.81216921805712,10.1896360862785,10.1896360862785,10.1896360862785,10.1896360862785,5.00000005009993,5.00000005009993,5.00000005009993,5.00000005009993,10.0416369920672,10.0416369920672,10.0416369920672,10.0416369920672,-0.0182594519945596,-0.0280817778618264,0.190958803101033,2.47531428997053,-0.0717333710203363,-1.0982084066236,-9.93341292385708e-05,0.0153799445485937,0.00213149400549639,0.0529495628210978,3.09414691628263e-05,0.000743125229803013
20,0.38,1,6.23241307368613e-15,0.317144090722063,0.0187820091068898,0.309229103765788,0.336636642600868,0.00769036104794683,0.285124963237541,-0.0194925518788052,0.011091648058943,0.0241041405282477,5.99243499266322e-09,489.881530332891,38.8931116750671,37.4941316361304,2,0,2,0,pinocchio,0,6.7802370572712,0,0,6.7802370572712,0,0,10.1184696671093,0,0,10.1184696671093,0,0,5.00000000599243,1,0,5.00000000599243,1,0,10.0766675722637,0,0,10.0766675722637,0,0,-0.0266854077265037,2.50586836386959,-1.10688832493289,0.0157006342125014,0.0523475323573709,0.000764749265131085,6.7802370572712,6.7802370572712,6.7802370572712,6.7802370572712,10.1184696671093,10.1184696671093,10.1184696671093,10.1184696671093,5.00000000599243,5.00000000599243,5.00000000599243,5.00000000599243,10.0766675722637,10.0766675722637,10.0766675722637,10.0766675722637,-0.0165900362821816,-0.0266854077265037,0.168447717188428,2.50586836386959,-0.063234051429653,-1.10688832493289,-0.000174885384268464,0.0157006342125014,0.00192057967273485,0.0523475323573709,2.61423794967186e-05,0.000764749265131085
21,0.4,1,6.23192836265209e-15,0.31963996908277,0.0174059453375482,0.310590002140839,0.336636642600868,0.00769036104794683,0.285124963237541,-0.0169966735180983,0.00971558428960134,0.0254650389032987,0.000347945632675817,489.893533363604,38.88394126021,37.462500019736,2,0,2,0,pinocchio,0,6.74805759432359,0,0,6.74805759432359,0,0,10.0573162916128,0,0,10.0573162916128,0,0,5.00034794563268,1,0,5.00034794563268,1,0,10.1064666363958,0,0,10.1064666363958,0,0,-0.0252708594598513,2.537499980264,-1.11605873979,0.016030520239643,0.0517591018645273,0.000787790870467766,6.74805759432359,6.74805759432359,6.74805759432359,6.74805759432359,10.0573162916128,10.0573162916128,10.0573162916128,10.0573162916128,5.00034794563268,5.00034794563268,5.00034794563268,5.00034794563268,10.1064666363958,10.1064666363958,10.1064666363958,10.1064666363958,-0.0149234311138784,-0.0252708594598513,0.148484512640749,2.537499980264,-0.0557346414653352,-1.11605873979,-0.000200818282479531,0.016030520239643,0.00172429799908258,0.0517591018645273,2.35571304898485e-05,0.000787790870467766
22,0.42,1,7.05806085969642e-15,0.321819711537188,0.0162042717041371,0.311950972609084,0.336636642600868,0.00769036104794683,0.285124963237541,-0.0148169310636805,0.00851391065619029,0.0268260093715436,0.00372297341090277,489.868772955526,38.8744670786411,37.4302382293655,0,0,0,0,pinocchio,0,6.71771146607315,0,0,6.71771146607315,0,0,10.0050532644657,0,0,10.0050532644657,0,0,5.0037229734109,0,0,5.0037229734109,0,0,10.1312270444735,0,0,10.1312270444735,0,0,-0.0238216173768653,2.5697617706345,-1.12553292135894,0.0163629948055821,0.0511832340121044,0.000811842479357107,6.71771146607315,6.71771146607315,6.71771146607315,6.71771146607315,10.0050532644657,10.0050532644657,10.0050532644657,10.0050532644657,5.0037229734109,5.0037229734109,5.0037229734109,5.0037229734109,10.1312270444735,10.1312270444735,10.1312270444735,10.1312270444735,-0.013242776280066,-0.0238216173768653,0.130461370337436,2.5697617706345,-0.0489949876734457,-1.12553292135894,-0.000186519368632787,0.0163629948055821,0.00154222542740001,0.0511832340121044,2.27089830033833e-05,0.000811842479357107
23,0.44,1,1.10771341395491e-14,0.32372268183246,0.015155256032687,0.313313792959558,0.336636642600868,0.00769036104794683,0.285124963237541,-0.0129139607684081,0.00746489498474015,0.028188829722017,0.00961895620897124,489.848611809686,38.8646705724128,37.3972766729007,0,0,0,0,pinocchio,0,6.68903510756509,0,0,6.68903510756509,0,0,9.96064888025911,0,0,9.96064888025911,0,0,5.00961895620897,0,0,5.00961895620897,0,0,10.1513881903136,0,0,10.1513881903136,0,0,-0.0223355581879876,2.60272332709934,-1.13532942758723,0.0166986304659447,0.0506157796728999,0.000836880881750188,6.68903510756509,6.68903510756509,6.68903510756509,6.68903510756509,9.96064888025911,9.96064888025911,9.96064888025911,9.96064888025911,5.00961895620897,5.00961895620897,5.00961895620897,5.00961895620897,10.1513881903136,10.1513881903136,10.1513881903136,10.1513881903136,-0.0115452369986428,-0.0223355581879876,0.114303720072307,2.60272332709934,-0.042986169826122,-1.13532942758723,-0.000133981658301252,0.0166986304659447,0.0013707880533147,0.0506157796728999,2.35107846862093e-05,0.000836880881750188
24,0.46,1,1.03438275499969e-14,0.325383581706711,0.014239742534853,0.314680192572115,0.336636642600868,0.00769036104794683,0.285124963237541,-0.0112530608941567,0.00654938148690617,0.0295552293345742,0.0175640913842727,489.832673151198,38.8545583066613,37.3636106171389,0,0,0,0,pinocchio,0,6.66178884769835,0,0,6.66178884769835,0,0,9.92310802728529,0,0,9.92310802728529,0,0,5.01756409138427,0,0,5.01756409138427,0,0,10.1673268488019,0,0,10.1673268488019,0,0,-0.0208090764043755,2.63638938286105,-1.14544169333868,0.0170372726118675,0.0500535522836884,0.00086283794904057,6.66178884769835,6.66178884769835,6.66178884769835,6.66178884769835,9.92310802728529,9.92310802728529,9.92310802728529,9.92310802728529,5.01756409138427,5.01756409138427,5.01756409138427,5.01756409138427,10.1673268488019,10.1673268488019,10.1673268488019,10.1673268488019,-0.00982718994264076,-0.0208090764043755,0.0998881894364274,2.63638938286105,-0.0376596393492719,-1.14544169333868,-4.59348651062896e-05,0.0170372726118675,0.00120733418761176,0.0500535522836884,2.58364020382373e-05,0.00086283794904057
25,0.48,1,6.76662972670534e-15,0.326832924550613,0.0134408873128656,0.316051819945968,0.336636642600868,0.00769036104794683,0.285124963237541,-0.00980371805025465,0.00575052626491879,0.0309268567084271,0.0271090889703025,489.820649622783,38.8441504283476,37.3292713342131,0,0,0,0,pinocchio,0,6.635685250685,0,0,6.635685250685,0,0,9.89148138387169,0,0,9.89148138387169,0,0,5.0271090889703,0,0,5.0271090889703,0,0,10.179350377217,0,0,10.179350377217,0,0,-0.0192379589334382,2.67072866578694,-1.15584957165241,0.017378413056848,0.0494940128780163,0.000889621623010485,6.635685250685,6.635685250685,6.635685250685,6.635685250685,9.89148138387169,9.89148138387169,9.89148138387169,9.89148138387169,5.0271090889703,5.0271090889703,5.0271090889703,5.0271090889703,10.179350377217,10.179350377217,10.179350377217,10.179350377217,-0.00808492783370696,-0.0192379589334382,0.087070238736068,2.67072866578694,-0.032958326391288,-1.15584957165241,7.45619662367858e-05,0.017378413056848,0.00104982049117552,0.0494940128780163,2.95412909352422e-05,0.000889621623010485
26,0.5,1,9.85058892869736e-15,0.328097487272526,0.0127439065798864,0.317430223479917,0.336636642600868,0.00769036104794683,0.285124963237541,-0.00853915532834221,0.00505354553193959,0.0323052602423763,0.0378205084840495,489.812303098774,38.8334736569419,37.2943083962143,0,0,0,0,pinocchio,0,6.61040656014053,0,0,6.61040656014053,0,0,9.86487022980862,0,0,9.86487022980862,0,0,5.03782050848405,0,0,5.03782050848405,0,0,10.187696901226,0,0,10.187696901226,0,0,-0.0176179936812811,2.70569160378565,-1.16652634305808,0.0177214030791244,0.0489350965434601,0.000917128526779983,6.61040656014053,6.61040656014053,6.61040656014053,6.61040656014053,9.86487022980862,9.86487022980862,9.86487022980862,9.86487022980862,5.03782050848405,5.03782050848405,5.03782050848405,5.03782050848405,10.187696901226,10.187696901226,10.187696901226,10.187696901226,-0.00631513574188602,-0.0176179936812811,0.0757005020278072,2.70569160378565,-0.0288231589793426,-1.16652634305808,0.000224350694928432,0.0177214030791244,0.000896637889155727,0.0489350965434601,3.44745714642158e-05,0.000917128526779983
27,0.52,1,6.68577304162415e-15,0.329200731019052,0.012135842809586,0.318816841223739,0.336636642600868,0.00769036104794683,0.285124963237541,-0.00743591158181572,0.0044454817616392,0.0336918779861984,0.0492773380034492,489.807460207327,38.8225571355817,37.2587790839932,0,0,0,0,pinocchio,0,6.58561613349733,0,0,6.58561613349733,0,0,9.84242860982595,0,0,9.84242860982595,0,0,5.04927733800345,0,0,5.04927733800345,0,0,10.1925397926734,0,0,10.1925397926734,0,0,-0.0159453825840971,2.74122091600682,-1.1774428644183,0.0180655689217224,0.0483751132101772,0.00094525134276912,6.58561613349733,6.58561613349733,6.58561613349733,6.58561613349733,9.84242860982595,9.84242860982595,9.84242860982595,9.84242860982595,5.04927733800345,5.04927733800345,5.04927733800345,5.04927733800345,10.1925397926734,10.1925397926734,10.1925397926734,10.1925397926734,-0.00451519803981881,-0.0159453825840971,0.0656339949571105,2.74122091600682,-0.0251967152272243,-1.1774428644183,0.000400297228232205,0.0180655689217224,0.000746511360887325,0.0483751132101772,4.04858295226518e-05,0.00094525134276912
28,0.54,1,7.9392124443763e-15,0.330163186384629,0.0116053511693995,0.320212996633531,0.336636642600868,0.00769036104794683,0.285124963237541,-0.00647345621623863,0.00391499012145271,0.0350880333959906,0.0610709444075495,489.80600532344,38.8114301140656,37.2227423945068,0,0,0,0,pinocchio,0,6.56096755542472,0,0,6.56096755542472,0,0,9.82336390497036,0,0,9.82336390497036,0,0,5.06107094440755,0,0,5.06107094440755,0,0,10.1939946765596,0,0,10.1939946765596,0,0,-0.0142170134358371,2.77725760549324,-1.18856988593441,0.0184102675997836,0.0478126883527416,0.000973882888476989,6.56096755542472,6.56096755542472,6.56096755542472,6.56096755542472,9.82336390497036,9.82336390497036,9.82336390497036,9.82336390497036,5.06107094440755,5.06107094440755,5.06107094440755,5.06107094440755,10.1939946765596,10.1939946765596,10.1939946765596,10.1939946765596,-0.00268338288083214,-0.0142170134358371,0.0567347764717354,2.77725760549324,-0.0220250643528814,-1.18856988593441,0.000599349733761301,0.0184102675997836,0.000598439730161715,0.0478126883527416,4.74286211655794e-05,0.000973882888476989
29,0.56,1,5.93130917853562e-15,0.331002801909086,0.0111425067939043,0.32161989832529,0.336636642600868,0.00769036104794683,0.285124963237541,-0.00563384069178208,0.00345214574595747,0.0364949350877498,0.0728060431797175,489.807872021034,38.8001206757023,37.1862556894427,0,0,0,0,pinocchio,0,6.53611175554152,0,0,6.53611175554152,0,0,9.80693660237222,0,0,9.80693660237222,0,0,5.07280604317972,0,0,5.07280604317972,0,0,10.1921279789662,0,0,10.1921279789662,0,0,-0.0124306388361457,2.81374431055728,-1.19987932429767,0.0187549108363403,0.0472467234331742,0.00100291835562234,6.53611175554152,6.53611175554152,6.53611175554152,6.53611175554152,9.80693660237222,9.80693660237222,9.80693660237222,9.80693660237222,5.07280604317972,5.07280604317972,5.07280604317972,5.07280604317972,10.1921279789662,10.1921279789662,10.1921279789662,10.1921279789662,-0.000818947150676763,-0.0124306388361457,0.0488780576099686,2.81374431055728,-0.0192585978347424,-1.19987932429767,0.000818562432137071,0.0187549108363403,0.00045165549069992,0.0472467234331742,5.51621704261152e-05,0.00100291835562234
30,0.58,1,4.46832202430163e-15,0.331735256615362,0.0107386323661469,0.323038642443943,0.336636642600868,0.00769036104794683,0.285124963237541,-0.00490138598550588,0.00304827131820011,0.0379136792064023,0.0841033232246806,489.813033831534,38.7886551428463,37.1493730741285,0,0,0,0,pinocchio,0,6.51070377101579,0,0,6.51070377101579,0,0,9.79245971202352,0,0,9.79245971202352,0,0,5.08410332322468,0,0,5.08410332322468,0,0,10.1869661684661,0,0,10.1869661684661,0,0,-0.0105849870982417,2.85062692587154,-1.21134485715374,0.0190989699595542,0.0466763677561472,0.00103225639933863,6.51070377101579,6.51070377101579,6.51070377101579,6.51070377101579,9.79245971202352,9.79245971202352,9.79245971202352,9.79245971202352,5.08410332322468,5.08410332322468,5.08410332322468,5.08410332322468,10.1869661684661,10.1869661684661,10.1869661684661,10.1869661684661,0.00107781635497872,-0.0105849870982417,0.0419506847948767,2.85062692587154,-0.0168522215942346,-1.21134485715374,0.00105509934453352,0.0190989699595542,0.000305596390795415,0.0466763677561472,6.35519617233626e-05,0.00103225639933863
31,0.6,1,6.04818962813749e-15,0.332374238479299,0.0103861448509169,0.324470216729236,0.336636642600868,0.00769036104794683,0.285124963237541,-0.0042624041215692,0.00269578380297002,0.0393452534916954,0.094601945033447,489.821494729976,38.7770578124594,37.1121446279185,0,0,0,0,pinocchio,0,6.48440844486051,0,0,6.48440844486051,0,0,9.77929816478064,0,0,9.77929816478064,0,0,5.09460194503345,0,0,5.09460194503345,0,0,10.1785052700238,0,0,10.1785052700238,0,0,-0.00867982874602835,2.88785537208151,-1.2229421875406,0.0194419734114509,0.0461009952619284,0.00106179971507415,6.48440844486051,6.48440844486051,6.48440844486051,6.48440844486051,9.77929816478064,9.77929816478064,9.77929816478064,9.77929816478064,5.09460194503345,5.09460194503345,5.09460194503345,5.09460194503345,10.1785052700238,10.1785052700238,10.1785052700238,10.1785052700238,0.00300556831497545,-0.00867982874602835,0.0358508800624406,2.88785537208151,-0.0147652589623917,-1.2229421875406,0.00130623060962165,0.0194419734114509,0.000159882283782053,0.0461009952619284,7.24698713909788e-05,0.00106179971507415
32,0.62,1,8.39423637810891e-15,0.332931691329854,0.0100784199028922,0.325915505634686,0.336636642600868,0.00769036104794683,0.285124963237541,-0.003704951271014,0.00238805885494541,0.0407905423971453,0.103962545631307,489.833279791827,38.76535091874,37.0746162245089,0,0,0,0,pinocchio,0,6.45690585432353,0,0,6.45690585432353,0,0,9.76686832149484,0,0,9.76686832149484,0,0,5.10396254563131,0,0,5.10396254563131,0,0,10.1667202081727,0,0,10.1667202081727,0,0,-0.00671600695249848,2.92538377549106,-1.23464908126003,0.019783500227678,0.0455201846834283,0.0010914552923379,6.45690585432353,6.45690585432353,6.45690585432353,6.45690585432353,9.76686832149484,9.76686832149484,9.76686832149484,9.76686832149484,5.10396254563131,5.10396254563131,5.10396254563131,5.10396254563131,10.1667202081727,10.1667202081727,10.1667202081727,10.1667202081727,0.00496194155974194,-0.00671600695249848,0.0304874979469574,2.92538377549106,-0.0129611663735432,-1.23464908126003,0.00156932519172415,0.019783500227678,1.42956326740773e-05,0.0455201846834283,8.17940308550646e-05,0.0010914552923379
33,0.64,1,1.05288536474247e-14,0.33341803294856,0.00980967234133712,0.327375296071289,0.336636642600868,0.00769036104794683,0.285124963237541,-0.00321860965230808,0.00211931129339029,0.0422503328337482,0.111870327804239,489.848426279977,38.7535547047858,37.0368296415599,0,0,0,0,pinocchio,0,6.42789633275568,0,0,6.42789633275568,0,0,9.75463765840112,0,0,9.75463765840112,0,0,5.11187032780424,0,0,5.11187032780424,0,0,10.1515737200234,0,0,10.1515737200234,0,0,-0.00469544034413623,2.96317035844006,-1.24644529521421,0.0201231731988729,0.044933701336445,0.00112113455580241,6.42789633275568,6.42789633275568,6.42789633275568,6.42789633275568,9.75463765840112,9.75463765840112,9.75463765840112,9.75463765840112,5.11187032780424,5.11187032780424,5.11187032780424,5.11187032780424,10.1515737200234,10.1515737200234,10.1515737200234,10.1515737200234,0.00694358157779362,-0.00469544034413623,0.0257790938808711,2.96317035844006,-0.0114071775229192,-1.24644529521421,0.00184184396303522,0.0201231731988729,-0.00013123610619914,0.044933701336445,9.14086323575702e-05,0.00112113455580241
34,0.66,1,9.07597971631376e-15,0.333842347179147,0.00957485107290221,0.328850283485579,0.336636642600868,0.00769036104794683,0.285124963237541,-0.00279429542172083,0.00188449002495538,0.0437253202480383,0.118038098067142,489.86697536163,38.7416875478896,36.9988228168371,0,0,0,0,pinocchio,0,6.39710506557494,0,0,6.39710506557494,0,0,9.74212461341369,0,0,9.74212461341369,0,0,5.11803809806714,0,0,5.11803809806714,0,0,10.1330246383697,0,0,10.1330246383697,0,0,-0.00262110282806219,3.00117718316291,-1.25831245211038,0.0204606532078135,0.0443414798000658,0.0011507534813313,6.39710506557494,6.39710506557494,6.39710506557494,6.39710506557494,9.74212461341369,9.74212461341369,9.74212461341369,9.74212461341369,5.11803809806714,5.11803809806714,5.11803809806714,5.11803809806714,10.1330246383697,10.1330246383697,10.1330246383697,10.1330246383697,0.00894620465697926,-0.00262110282806219,0.0216529396989102,3.00117718316291,-0.0100739285963414,-1.25831245211038,0.00212133473441156,0.0204606532078135,-0.000276657002956426,0.0443414798000658,0.000101203763584579,0.0011507534813313
35,0.68,1,1.05350928041771e-14,0.334212552774418,0.00936954690481666,0.330341078076211,0.336636642600868,0.00769036104794683,0.285124963237541,-0.00242408982644982,0.00167918585686983,0.0452161148386703,0.122209134683257,489.888964605285,38.7297661051318,36.960630164311,0,0,0,0,pinocchio,0,6.36428620470659,0,0,6.36428620470659,0,0,9.72889853797379,0,0,9.72889853797379,0,0,5.12220913468326,0,0,5.12220913468326,0,0,10.1110353947152,0,0,10.1110353947152,0,0,-0.000496983084396801,3.03936983568898,-1.27023389486819,0.020795635568036,0.0437436070627644,0.00118023273629151,6.36428620470659,6.36428620470659,6.36428620470659,6.36428620470659,9.72889853797379,9.72889853797379,9.72889853797379,9.72889853797379,5.12220913468326,5.12220913468326,5.12220913468326,5.12220913468326,10.1110353947152,10.1110353947152,10.1110353947152,10.1110353947152,0.0109646712608082,-0.000496983084396801,0.0180440650929157,3.03936983568898,-0.0089350949669722,-1.27023389486819,0.0024054300396017,0.020795635568036,-0.000421798534752327,0.0437436070627644,0.000111075318223186,0.00118023273629151
36,0.7,1,9.30437585948123e-15,0.33453555154786,0.00918991178971599,0.331848211017261,0.336636642600868,0.00769036104794683,0.285124963237541,-0.0021010910530076,0.00149955074176916,0.0467232477797201,0.124159780383802,489.914421370921,38.7178054594486,36.9222828977556,0,0,0,0,pinocchio,0,6.32922643252632,0,0,6.32922643252632,0,0,9.7145796781302,0,0,9.7145796781302,0,0,5.1241597803838,0,0,5.1241597803838,0,0,10.0855786290794,0,0,10.0855786290794,0,0,0.0016719735788641,3.07771710224443,-1.28219454055137,0.0211278485601751,0.0431403059636508,0.0012094978608457,6.32922643252632,6.32922643252632,6.32922643252632,6.32922643252632,9.7145796781302,9.7145796781302,9.7145796781302,9.7145796781302,5.1241597803838,5.1241597803838,5.1241597803838,5.1241597803838,10.0855786290794,10.0855786290794,10.0855786290794,10.0855786290794,0.0129930720278679,0.0016719735788641,0.0148943698242689,3.07771710224443,-0.00796705628582828,-1.28219454055137,0.00269184778210985,0.0211278485601751,-0.000566395024179656,0.0431403059636508,0.000120924996025451,0.0012094978608457
37,0.72,1,3.6890198651332e-15,0.334817358194371,0.00903258816376601,0.333372140598537,0.336636642600868,0.00769036104794683,0.285124963237541,-0.00181928440649698,0.00134222711581918,0.0482471773609967,0.123701663388189,489.943357166939,38.7058192579044,36.8838093392592,0,0,0,0,pinocchio,0,6.29174790928982,0,0,6.29174790928982,0,0,9.69883909106134,0,0,9.69883909106134,0,0,5.12370166338819,0,0,5.12370166338819,0,0,10.0566428330606,0,0,10.0566428330606,0,0,0.0038799395815749,3.11619066074078,-1.29418074209556,0.0214570541002468,0.0425319188188799,0.00123847948924491,6.29174790928982,6.29174790928982,6.29174790928982,6.29174790928982,9.69883909106134,9.69883909106134,9.69883909106134,9.69883909106134,5.12370166338819,5.12370166338819,5.12370166338819,5.12370166338819,10.0566428330606,10.0566428330606,10.0566428330606,10.0566428330606,0.0150248249712064,0.0038799395815749,0.012151821968402,3.11619066074078,-0.00714859547258584,-1.29418074209556,0.00297839455468818,0.0214570541002468,-0.00071009876742778,0.0425319188188799,0.000130660387725356,0.00123847948924491
38,0.74,1,9.73329586848466e-15,0.335063213931635,0.00889464716461117,0.33491325822188,0.336636642600868,0.00769036104794683,0.285124963237541,-0.00157342866923271,0.00120428611666434,0.0497882949843398,0.120683467577797,489.975763025927,38.6938198360393,36.8452351953175,0,0,0,0,pinocchio,0,6.25171054543036,0,0,6.25171054543036,0,0,9.68139841215508,0,0,9.68139841215508,0,0,5.1206834675778,0,0,5.1206834675778,0,0,10.0242369740734,0,0,10.0242369740734,0,0,0.00612029293922216,3.15476480468252,-1.30618016396071,0.0217830501889799,0.0419188912961049,0.00126711359936988,6.25171054543036,6.25171054543036,6.25171054543036,6.25171054543036,9.68139841215508,9.68139841215508,9.68139841215508,9.68139841215508,5.1206834675778,5.1206834675778,5.1206834675778,5.1206834675778,10.0242369740734,10.0242369740734,10.0242369740734,10.0242369740734,0.0170527811555914,0.00612029293922216,0.00976975264477886,3.15476480468252,-0.0064606351259755,-1.30618016396071,0.00326297113772256,0.0217830501889799,-0.000852494807297433,0.0419188912961049,0.000140195128949472,0.00126711359936988
39,0.76,1,7.99678829693826e-15,0.335277685893493,0.00877353464259557,0.336471894209991,0.336636642600868,0.00769036104794683,0.285124963237541,-0.00135895670737474,0.00108317359464874,0.0513469309724508,0.114992185514926,490.011605913467,38.6818183292596,36.8065838019254,0,0,0,0,pinocchio,0,6.20901355745592,0,0,6.20901355745592,0,0,9.66202938413805,0,0,9.66202938413805,0,0,5.11499218551493,0,0,5.11499218551493,0,0,9.98839408653275,0,0,9.98839408653275,0,0,0.00838571724157671,3.19341619807463,-1.31818167074035,0.0221056747651875,0.0413017565526544,0.00129534177287894,6.20901355745592,6.20901355745592,6.20901355745592,6.20901355745592,9.66202938413805,9.66202938413805,9.66202938413805,9.66202938413805,5.11499218551493,5.11499218551493,5.11499218551493,5.11499218551493,9.98839408653275,9.98839408653275,9.98839408653275,9.98839408653275,0.019069337443625,0.00838571724157671,0.00770623940545789,3.19341619807463,-0.00588600793500405,-1.31818167074035,0.00354357965247942,0.0221056747651875,-0.000993115351590745,0.0413017565526544,0.000149449101073174,0.00129534177287894
40,0.78,1,8.34629885890249e-15,0.335464754003137,0.00866702399517789,0.338048323396946,0.336636642600868,0.00769036104794683,0.285124963237541,-0.00117188859773137,0.000976662947231057,0.0529233601594055,0.10655380839055,490.050826171314,38.6698247698778,36.7678763337888,0,0,0,0,pinocchio,0,6.16359628504051,0,0,6.16359628504051,0,0,9.64055308686292,0,0,9.64055308686292,0,0,5.10655380839055,0,0,5.10655380839055,0,0,9.9491738286857,0,0,9.9491738286857,0,0,0.010668310439941,3.23212366621121,-1.33017523012222,0.0224248104160099,0.0406811198271088,0.00132311144580075,6.16359628504051,6.16359628504051,6.16359628504051,6.16359628504051,9.64055308686292,9.64055308686292,9.64055308686292,9.64055308686292,5.10655380839055,5.10655380839055,5.10655380839055,5.10655380839055,9.9491738286857,9.9491738286857,9.9491738286857,9.9491738286857,0.0210665530500478,0.010668310439941,0.0059235771759063,3.23212366621121,-0.00540926017875165,-1.33017523012222,0.00381833168017209,0.0224248104160099,-0.00113145366114509,0.0406811198271088,0.000158348654224483,0.00132311144580075
41,0.8,1,8.0850252756691e-15,0.335627886856303,0.00857317496805085,0.339642770476386,0.336636642600868,0.00769036104794683,0.285124963237541,-0.00100875574456455,0.000882813920104017,0.0545178072388457,0.0953334269432018,490.093335960738,38.6578481726784,36.7291319843394,0,0,0,0,pinocchio,0,6.11543826691847,0,0,6.11543826691847,0,0,9.61683881148909,0,0,9.61683881148909,0,0,5.0953334269432,0,0,5.0953334269432,0,0,9.90666403926211,0,0,9.90666403926211,0,0,0.0129597003233958,3.27086801566065,-1.34215182732158,0.0227403894803426,0.0400576435814861,0.00135037613025375,6.11543826691847,6.11543826691847,6.11543826691847,6.11543826691847,9.61683881148909,9.61683881148909,9.61683881148909,9.61683881148909,5.0953334269432,5.0953334269432,5.0953334269432,5.0953334269432,9.90666403926211,9.90666403926211,9.90666403926211,9.90666403926211,0.0230362679004656,0.0129597003233958,0.0043878244790605,3.27086801566065,-0.00501648326012116,-1.34215182732158,0.00408545675446703,0.0227403894803426,-0.0012669773238656,0.0400576435814861,0.000166826828376543,0.00135037613025375
42,0.82,1,8.08171903877174e-15,0.335770107967938,0.00849029766598937,0.341255415088585,0.336636642600868,0.00769036104794683,0.285124963237541,-0.000866534632929739,0.000799936618042535,0.0561304518510444,0.0813347373341697,490.139018657132,38.645896611051,36.6903681210259,0,0,0,0,pinocchio,0,6.06455859998823,0,0,6.06455859998823,0,0,9.59080254920544,0,0,9.59080254920544,0,0,5.08133473733417,0,0,5.08133473733417,0,0,9.86098134286837,0,0,9.86098134286837,0,0,0.0152511634935622,3.30963187897406,-1.35410338894902,0.0230523990009046,0.039432033393841,0.00137709558712537,6.06455859998823,6.06455859998823,6.06455859998823,6.06455859998823,9.59080254920544,9.59080254920544,9.59080254920544,9.59080254920544,5.08133473733417,5.08133473733417,5.08133473733417,5.08133473733417,9.86098134286837,9.86098134286837,9.86098134286837,9.86098134286837,0.0249702198060291,0.0152511634935622,0.00306841524139401,3.30963187897406,-0.00469516918246882,-1.35410338894902,0.00434331057132908,0.0230523990009046,-0.00139914072718739,0.039432033393841,0.000174823547595793,0.00137709558712537
43,0.84,1,8.45952096896091e-15,0.335894053576089,0.00841692110971279,0.342886396631379,0.336636642600868,0.00769036104794683,0.285124963237541,-0.00074258902477925,0.000726560061765958,0.0577614333938383,0.0645989837309422,490.187729125532,38.6339772855145,36.6516004202156,0,0,0,0,pinocchio,0,6.01101463068916,0,0,6.01101463068916,0,0,9.56240508167764,0,0,9.56240508167764,0,0,5.06459898373094,0,0,5.06459898373094,0,0,9.81227087446827,0,0,9.81227087446827,0,0,0.0175337449773702,3.34839957978436,-1.36602271448546,0.0233608851003472,0.0388050247576884,0.00140323593593547,6.01101463068916,6.01101463068916,6.01101463068916,6.01101463068916,9.56240508167764,9.56240508167764,9.56240508167764,9.56240508167764,5.06459898373094,5.06459898373094,5.06459898373094,5.06459898373094,9.81227087446827,9.81227087446827,9.81227087446827,9.81227087446827,0.0268601578961167,0.0175337449773702,0.00193782693202849,3.34839957978436,-0.00443408619882035,-1.36602271448546,0.00459038240147436,0.0233608851003472,-0.0015273965841871,0.0388050247576884,0.000182285768978829,0.00140323593593547
44,0.86,1,6.66796420774067e-15,0.336002023050869,0.00835176575609644,0.34453581878288,0.336636642600868,0.00769036104794683,0.285124963237541,-0.000634619549998716,0.000661404708149602,0.0594108555453392,0.0452031402805853,490.239294771472,38.6220965773946,36.6128429631966,0,0,0,0,pinocchio,0,5.95489985253305,0,0,5.95489985253305,0,0,9.53164967978727,0,0,9.53164967978727,0,0,5.04520314028059,0,0,5.04520314028059,0,0,9.76070522852795,0,0,9.76070522852795,0,0,0.0197983750484932,3.38715703680342,-1.37790342260538,0.0236659566148294,0.0381773707740201,0.00142876970214145,5.95489985253305,5.95489985253305,5.95489985253305,5.95489985253305,9.53164967978727,9.53164967978727,9.53164967978727,9.53164967978727,5.04520314028059,5.04520314028059,5.04520314028059,5.04520314028059,9.76070522852795,9.76070522852795,9.76070522852795,9.76070522852795,0.028697949270061,0.0197983750484932,0.000971318936514365,3.38715703680342,-0.00422318004668654,-1.37790342260538,0.00482530146967974,0.0236659566148294,-0.00165120653825568,0.0381773707740201,0.00018916758202181,0.00142876970214145
45,0.88,1,7.47417370530975e-15,0.336096022828942,0.00829371947363031,0.346203753719308,0.336636642600868,0.00769036104794683,0.285124963237541,-0.000540619771926154,0.000603358425683476,0.0610787904817676,0.0232581387391786,490.293517329922,38.6102601242209,36.574108385906,0,0,0,0,pinocchio,0,5.89634169599872,0,0,5.89634169599872,0,0,9.49857943696387,0,0,9.49857943696387,0,0,5.02325813873918,0,0,5.02325813873918,0,0,9.70648267007843,0,0,9.70648267007843,0,0,0.0220359818102347,3.42589161409404,-1.38973987577912,0.0239677867094327,0.0375498315436058,0.00145367574457921,5.89634169599872,5.89634169599872,5.89634169599872,5.89634169599872,9.49857943696387,9.49857943696387,9.49857943696387,9.49857943696387,5.02325813873918,5.02325813873918,5.02325813873918,5.02325813873918,9.70648267007843,9.70648267007843,9.70648267007843,9.70648267007843,0.0304756778391919,0.0220359818102347,0.000146644448626887,3.42589161409404,-0.00405346254022021,-1.38973987577912,0.00504684097288788,0.0239677867094327,-0.00177005004822917,0.0375498315436058,0.000195430197003077,0.00145367574457921
46,0.9,1,9.84782403528212e-15,0.336177804681116,0.0082418165295606,0.347890246034234,0.336636642600868,0.00769036104794683,0.285124963237541,-0.000458837919752153,0.000551455481613766,0.0627652827966936,3.46463391309726e-09,490.350265833113,38.5985169187107,36.535519398132,2,0,2,0,pinocchio,0,5.83641089110288,0,0,5.83641089110288,0,0,9.46327876336153,0,0,9.46327876336153,0,0,5.00000000346463,1,0,5.00000000346463,1,0,9.64973416688738,0,0,9.64973416688738,0,0,0.0242389399332422,3.46448060186801,-1.4014830812893,0.0242653946586157,0.0369240052928389,0.00147787812049753,5.83641089110288,5.83641089110288,5.83641089110288,5.83641089110288,9.46327876336153,9.46327876336153,9.46327876336153,9.46327876336153,5.00000000346463,5.00000000346463,5.00000000346463,5.00000000346463,9.64973416688738,9.64973416688738,9.64973416688738,9.64973416688738,0.0321870764660517,0.0242389399332422,-0.000667584276691002,3.46448060186801,-0.00387288397966046,-1.4014830812893,0.00525270191271687,0.0242653946586157,-0.00188259152977821,0.0369240052928389,0.000200980875689538,0.00147787812049753
47,0.92,1,7.37239441127224e-15,0.336248898854551,0.00819521906612343,0.349595352478345,0.336636642600868,0.00769036104794683,0.285124963237541,-0.000387743746317393,0.000504858018176593,0.0644703892408043,1.11868052599107e-08,490.411347160102,38.5878409697204,36.4995390510559,2,0,2,0,pinocchio,0,5.79569520100274,0,0,5.79569520100274,0,0,9.42602916784728,0,0,9.42602916784728,0,0,5.00000001118681,1,0,5.00000001118681,1,0,9.58865283989808,0,0,9.58865283989808,0,0,0.0264256513745522,3.50046094894414,-1.41215903027959,0.0245322830432694,0.0363190513618974,0.00150004568587722,5.79569520100274,5.79569520100274,5.79569520100274,5.79569520100274,9.42602916784728,9.42602916784728,9.42602916784728,9.42602916784728,5.00000001118681,5.00000001118681,5.00000001118681,5.00000001118681,9.58865283989808,9.58865283989808,9.58865283989808,9.58865283989808,0.0338523475052384,0.0264256513745522,-0.00394327905097924,3.50046094894414,-0.00270440423875584,-1.41215903027959,0.00541517343877018,0.0245322830432694,-0.00196995591925742,0.0363190513618974,0.000204471959790453,0.00150004568587722
48,0.94,1,5.24439120285437e-15,0.336310639392261,0.00815319898237849,0.35131995240705,0.336636642600868,0.00769036104794683,0.285124963237541,-0.000326003208606762,0.000462837934431658,0.0661949891695093,5.39150679657041e-09,490.474254977146,38.5769045645227,36.4628139362157,2,0,2,0,pinocchio,0,5.75635224141808,0,0,5.75635224141808,0,0,9.3863178906869,0,0,9.3863178906869,0,0,5.00000000539151,1,0,5.00000000539151,1,0,9.52574502285428,0,0,9.52574502285428,0,0,0.0285750820783354,3.53718606378435,-1.42309543547734,0.0248097209351824,0.0357068516339812,0.00152213934543311,5.75635224141808,5.75635224141808,5.75635224141808,5.75635224141808,9.3863178906869,9.3863178906869,9.3863178906869,9.3863178906869,5.00000000539151,5.00000000539151,5.00000000539151,5.00000000539151,9.52574502285428,9.52574502285428,9.52574502285428,9.52574502285428,0.0354578407993742,0.0285750820783354,-0.00635841377260249,3.53718606378435,-0.00186734425177804,-1.42309543547734,0.00557479893591051,0.0248097209351824,-0.00206056497619045,0.0357068516339812,0.000207834084967828,0.00152213934543311
49,0.96,1,7.65659620020885e-15,0.336364197605802,0.00811513132267648,0.353064689994442,0.336636642600868,0.00769036104794683,0.285124963237541,-0.000272444995066123,0.000424770274729643,0.0679397267569015,2.93640578519216e-09,490.538825170638,38.5658075954886,36.4255848626027,2,0,2,0,pinocchio,0,5.71790539011686,0,0,5.71790539011686,0,0,9.34447463538965,0,0,9.34447463538965,0,0,5.00000000293641,1,0,5.00000000293641,1,0,9.46117482936215,0,0,9.46117482936215,0,0,0.0306730786556174,3.57441513739728,-1.43419240451142,0.02509420165096,0.0350920759229816,0.00154399694239286,5.71790539011686,5.71790539011686,5.71790539011686,5.71790539011686,9.34447463538965,9.34447463538965,9.34447463538965,9.34447463538965,5.00000000293641,5.00000000293641,5.00000000293641,5.00000000293641,9.46117482936215,9.46117482936215,9.46117482936215,9.46117482936215,0.0369881280041824,0.0306730786556174,-0.008174454501372,3.57441513739728,-0.00125497469259273,-1.43419240451142,0.00572629517809986,0.02509420165096,-0.00215007486324481,0.0350920759229816,0.000210882366040721,0.00154399694239286
50,0.98,1,8.31825504613326e-15,0.336410601085041,0.00808047675242122,0.354830045482269,0.336636642600868,0.00769036104794683,0.285124963237541,-0.000226041515826725,0.000390115704474388,0.069705082244728,1.78016179575025e-09,490.604853256812,38.554615130795,36.3880102396291,2,0,2,0,pinocchio,0,5.68006948423069,0,0,5.68006948423069,0,0,9.30080734456893,0,0,9.30080734456893,0,0,5.00000000178016,1,0,5.00000000178016,1,0,9.39514674318751,0,0,9.39514674318751,0,0,0.0327101798138124,3.61198976037094,-1.44538486920496,0.0253839105256227,0.0344775161344922,0.00156551681206432,5.68006948423069,5.68006948423069,5.68006948423069,5.68006948423069,9.30080734456893,9.30080734456893,9.30080734456893,9.30080734456893,5.00000000178016,5.00000000178016,5.00000000178016,5.00000000178016,9.39514674318751,9.39514674318751,9.39514674318751,9.39514674318751,0.0384336120648427,0.0327101798138124,-0.00956589107526895,3.61198976037094,-0.000796958213108212,-1.44538486920496,0.00586637772852328,0.0253839105256227,-0.0022360314319414,0.0344775161344922,0.000213495875080127,0.00156551681206432
51,1,1,5.9909487334332e-15,0.336450751526992,0.00804876913464075,0.356616382623536,0.336636642600868,0.00769036104794683,0.285124963237541,-0.000185891073875621,0.00035840808669392,0.0714914193859955,1.18911280821976e-09,490.672101613652,38.5433693472167,36.3501933962278,2,0,2,0,pinocchio,0,5.64267368879608,0,0,5.64267368879608,0,0,9.25561015840123,0,0,9.25561015840123,0,0,5.00000000118911,1,0,5.00000000118911,1,0,9.32789838634779,0,0,9.32789838634779,0,0,0.0346790085604222,3.64980660377217,-1.45663065278329,0.0256780116412804,0.0338649603434535,0.0015866376805489,5.64267368879608,5.64267368879608,5.64267368879608,5.64267368879608,9.25561015840123,9.25561015840123,9.25561015840123,9.25561015840123,5.00000000118911,5.00000000118911,5.00000000118911,5.00000000118911,9.32789838634779,9.32789838634779,9.32789838634779,9.32789838634779,0.0397874981368602,0.0346790085604222,-0.0106487730897342,3.64980660377217,-0.000446995657370053,-1.45663065278329,0.00599296030468821,0.0256780116412804,-0.00231699806231944,0.0338649603434535,0.000215596809233887,0.0015866376805489
52,1.02,1,9.81532969008895e-15,0.336485440574576,0.00801960551199654,0.358423979949456,0.336636642600868,0.00769036104794683,0.285124963237541,-0.000151202026291875,0.000329244464049708,0.0732990167119159,8.67499849732667e-10,490.740308112549,38.5320976121117,36.312201610654,2,0,2,0,pinocchio,0,5.60561645031354,0,0,5.60561645031354,0,0,9.20916948080915,0,0,9.20916948080915,0,0,5.0000000008675,1,0,5.0000000008675,1,0,9.2596918874508,0,0,9.2596918874508,0,0,0.0365730727062149,3.68779838934599,-1.4679023878883,0.0259762307378713,0.0332556613237775,0.00160732504986006,5.60561645031354,5.60561645031354,5.60561645031354,5.60561645031354,9.20916948080915,9.20916948080915,9.20916948080915,9.20916948080915,5.0000000008675,5.0000000008675,5.0000000008675,5.0000000008675,9.2596918874508,9.2596918874508,9.2596918874508,9.2596918874508,0.0410443409907373,0.0365730727062149,-0.0115005592812452,3.68779838934599,-0.000174464767660254,-1.4679023878883,0.00610468720879709,0.0259762307378713,-0.00239208737755092,0.0332556613237775,0.000217136436127419,0.00160732504986006
53,1.04,1,6.99660468860182e-15,0.336515363791262,0.00799263781712101,0.360253051255726,0.336636642600868,0.00769036104794683,0.285124963237541,-0.000121278809605885,0.00030227676917418,0.075128088018185,6.85470347150385e-10,490.809193929283,38.5208177711635,36.2740787964508,2,0,2,0,pinocchio,0,5.568837963184,0,0,5.568837963184,0,0,9.1617674951097,0,0,9.1617674951097,0,0,5.00000000068547,1,0,5.00000000068547,1,0,9.19080607071655,0,0,9.19080607071655,0,0,0.0383862463702193,3.72592120354919,-1.47918222883651,0.0262786117605233,0.0326505839363773,0.00162756217888034,5.568837963184,5.568837963184,5.568837963184,5.568837963184,9.1617674951097,9.1617674951097,9.1617674951097,9.1617674951097,5.00000000068547,5.00000000068547,5.00000000068547,5.00000000068547,9.19080607071655,9.19080607071655,9.19080607071655,9.19080607071655,0.04219937325297,0.0383862463702193,-0.0121733529073467,3.72592120354919,4.10524819614011e-05,-1.47918222883651,0.00620066090154126,0.0262786117605233,-0.00246071324209396,0.0326505839363773,0.000218085814516655,0.00162756217888034
54,1.06,1,9.37237184124005e-15,0.336541132916863,0.00796756586894721,0.362103758955014,0.336636642600868,0.00769036104794683,0.285124963237541,-9.5509684005346e-05,0.000277204821000375,0.0769787957174732,5.8226490295965e-10,490.878470260636,38.5095415896711,36.235853873222,2,0,2,0,pinocchio,0,5.53230325930292,0,0,5.53230325930292,0,0,9.11368366404063,0,0,9.11368366404063,0,0,5.00000000058226,1,0,5.00000000058226,1,0,9.12152973936445,0,0,9.12152973936445,0,0,0.0401125652904282,3.76414612677803,-1.49045841032889,0.0265853720465657,0.0320505358367585,0.00164734410486292,5.53230325930292,5.53230325930292,5.53230325930292,5.53230325930292,9.11368366404063,9.11368366404063,9.11368366404063,9.11368366404063,5.00000000058226,5.00000000058226,5.00000000058226,5.00000000058226,9.12152973936445,9.12152973936445,9.12152973936445,9.12152973936445,0.0432482063293165,0.0401125652904282,-0.0127026412939983,3.76414612677803,0.00021333422740355,-1.49045841032889,0.00628028068083353,0.0265853720465657,-0.00252245899690706,0.0320505358367585,0.000218429664379016,0.00164734410486292
55,1.08,1,5.5599346198653e-15,0.336563286560443,0.00794413136184641,0.363976222738456,0.336636642600868,0.00769036104794683,0.285124963237541,-7.33560404252431e-05,0.00025377031389958,0.0788512595009152,5.28620702766602e-10,490.934805223289,38.4982769826371,36.1975462462896,2,0,2,0,pinocchio,0,5.4959917814439,0,0,5.4959917814439,0,0,9.06519477671112,0,0,9.06519477671112,0,0,5.00000000052862,1,0,5.00000000052862,1,0,9.05215599172656,0,0,9.05215599172656,0,0,0.0417461585395213,3.80245375371044,-1.50172301736287,0.0268968140781167,0.0314562365733928,0.00166667366366043,5.4959917814439,5.4959917814439,5.4959917814439,5.4959917814439,9.06519477671112,9.06519477671112,9.06519477671112,9.06519477671112,5.00000000052862,5.00000000052862,5.00000000052862,5.00000000052862,9.05215599172656,9.05215599172656,9.05215599172656,9.05215599172656,0.0441867027509204,0.0417461585395213,-0.0131130253409921,3.80245375371044,0.000351831848647066,-1.50172301736287,0.00634314515671974,0.0268968140781167,-0.00257700706827535,0.0314562365733928,0.000218162300093638,0.00166667366366043
56,1.1,1,3.18988336182476e-15,0.336582299492133,0.00792211265230348,0.365870525171731,0.336636642600868,0.00769036104794683,0.285124963237541,-5.43431087350887e-05,0.000231751604356643,0.0807455619341904,5.1020432323412e-10,490.983425981832,38.4870294531853,36.1591693667591,2,0,2,0,pinocchio,0,5.45989092175768,0,0,5.45989092175768,0,0,9.01657401816842,0,0,9.01657401816842,0,0,5.0000000005102,1,0,5.0000000005102,1,0,8.98297741067746,0,0,8.98297741067746,0,0,0.0432812337403046,3.84083063324093,-1.51297054681473,0.0272132701131026,0.0308683540792366,0.00168555882227785,5.45989092175768,5.45989092175768,5.45989092175768,5.45989092175768,9.01657401816842,9.01657401816842,9.01657401816842,9.01657401816842,5.0000000005102,5.0000000005102,5.0000000005102,5.0000000005102,8.98297741067746,8.98297741067746,8.98297741067746,8.98297741067746,0.0450109230260551,0.0432812337403046,-0.0134219521581684,3.84083063324093,0.000463165921289033,-1.51297054681473,0.00638899178250796,0.0272132701131026,-0.00262410105023037,0.0308683540792366,0.000217284912295668,0.00168555882227785
57,1.12,1,5.06551304182925e-15,0.336598590691054,0.00790132020771083,0.367786715301034,0.336636642600868,0.00769036104794683,0.285124963237541,-3.80519098139853e-05,0.000210959159763997,0.0826617520634934,5.22167198369061e-10,491.031910574132,38.4758030169641,36.1207330309325,2,0,2,0,pinocchio,0,5.42399199628098,0,0,5.42399199628098,0,0,8.96808942586808,0,0,8.96808942586808,0,0,5.00000000052217,1,0,5.00000000052217,1,0,8.91428196337853,0,0,8.91428196337853,0,0,0.0447120791447357,3.87926696906752,-1.52419698303589,0.0275350662097151,0.0302875238490433,0.00170401087120486,5.42399199628098,5.42399199628098,5.42399199628098,5.42399199628098,8.96808942586808,8.96808942586808,8.96808942586808,8.96808942586808,5.00000000052217,5.00000000052217,5.00000000052217,5.00000000052217,8.91428196337853,8.91428196337853,8.91428196337853,8.91428196337853,0.0457171020726364,0.0447120791447357,-0.0136421374145925,3.87926696906752,0.000552092123911052,-1.52419698303589,0.00641765816594386,0.0275350662097151,-0.00266352501822809,0.0302875238490433,0.000215803728359276,0.00170401087120486
58,1.14,1,9.90294041303257e-15,0.336612530299298,0.0078815926170825,0.369724810977813,0.336636642600868,0.00769036104794683,0.285124963237541,-2.41123015697342e-05,0.000191231569135669,0.0845998477402721,5.66221736164607e-10,491.079997996324,38.4646007936134,36.082244856378,2,0,2,0,pinocchio,0,5.38828772615167,0,0,5.38828772615167,0,0,8.92000200367616,0,0,8.92000200367616,0,0,5.00000000056622,1,0,5.00000000056622,1,0,8.84634946979708,0,0,8.84634946979708,0,0,0.0460330674474725,3.91775514362196,-1.53539920638663,0.0278624979065236,0.029714358905938,0.00172204318245057,5.38828772615167,5.38828772615167,5.38828772615167,5.38828772615167,8.92000200367616,8.92000200367616,8.92000200367616,8.92000200367616,5.00000000056622,5.00000000056622,5.00000000056622,5.00000000056622,8.84634946979708,8.84634946979708,8.84634946979708,8.84634946979708,0.0463016351760288,0.0460330674474725,-0.0137831328254947,3.91775514362196,0.000622124312265271,-1.53539920638663,0.00642905636702551,0.0278624979065236,-0.00269509199581108,0.029714358905938,0.000213728746579989,0.00172204318245057
59,1.16,1,9.07142814729872e-15,0.336624445619908,0.007862793087804,0.371684800368323,0.336636642600868,0.00769036104794683,0.285124963237541,-1.21969809599443e-05,0.000172432039857166,0.0865598371307827,6.50905995769335e-10,491.127436320369,38.453425383843,36.0437112250181,2,0,2,0,pinocchio,0,5.35277065395662,0,0,5.35277065395662,0,0,8.87256367963097,0,0,8.87256367963097,0,0,5.00000000065091,1,0,5.00000000065091,1,0,8.77944853606804,0,0,8.77944853606804,0,0,0.0472386567170593,3.95628877498187,-1.54657461615704,0.0281958131315475,0.0291494547963114,0.00173967034240098,5.35277065395662,5.35277065395662,5.35277065395662,5.35277065395662,8.87256367963097,8.87256367963097,8.87256367963097,8.87256367963097,5.00000000065091,5.00000000065091,5.00000000065091,5.00000000065091,8.77944853606804,8.77944853606804,8.77944853606804,8.77944853606804,0.0467610659172877,0.0472386567170593,-0.0138523408779676,3.95628877498187,0.000675937234746016,-1.54657461615704,0.00642315513128722,0.0281958131315475,-0.00271863734943167,0.0291494547963114,0.000211072846532545,0.00173967034240098
60,1.18,1,7.04912144812415e-15,0.336634626284118,0.00784480636623464,0.373666642954668,0.336636642600868,0.00769036104794683,0.285124963237541,-2.01631675045277e-06,0.000154445318287809,0.0885416797171272,7.94249110924738e-10,491.173984763204,38.4422791089263,36.0051378832234,2,0,2,0,pinocchio,0,5.31743214859306,0,0,5.31743214859306,0,0,8.82601523679633,0,0,8.82601523679633,0,0,5.00000000079425,1,0,5.00000000079425,1,0,8.71383387464357,0,0,8.71383387464357,0,0,0.0483233879465896,3.99486211677662,-1.55772089107369,0.0285351997705761,0.0285933918617855,0.00175690753649688,5.31743214859306,5.31743214859306,5.31743214859306,5.31743214859306,8.82601523679633,8.82601523679633,8.82601523679633,8.82601523679633,5.00000000079425,5.00000000079425,5.00000000079425,5.00000000079425,8.71383387464357,8.71383387464357,8.71383387464357,8.71383387464357,0.0470920738070788,0.0483233879465896,-0.0138556743251783,3.99486211677662,0.000715628172038407,-1.55772089107369,0.00639996711637281,0.0285351997705761,-0.00273401487218905,0.0285933918617855,0.000207851148587679,0.00175690753649688
61,1.2,1,5.33076997985139e-15,0.33664332869973,0.00782753602964481,0.375670270229973,0.336636642600868,0.00769036104794683,0.285124963237541,6.68609886217419e-06,0.000137174981697977,0.0905453069924329,1.02974784255139e-09,491.219415696425,38.4311641622706,35.966530322691,2,0,2,0,pinocchio,0,5.28226178787033,0,0,5.28226178787033,0,0,8.78058430357549,0,0,8.78058430357549,0,0,5.00000000102975,1,0,5.00000000102975,1,0,8.64974395547201,0,0,8.64974395547201,0,0,0.0492818803017871,4.03346967730905,-1.56883583772943,0.0288807763945724,0.0280467359742176,0.00177377010647456,5.28226178787033,5.28226178787033,5.28226178787033,5.28226178787033,8.78058430357549,8.78058430357549,8.78058430357549,8.78058430357549,5.00000000102975,5.00000000102975,5.00000000102975,5.00000000102975,8.64974395547201,8.64974395547201,8.64974395547201,8.64974395547201,0.0472914616301807,0.0492818803017871,-0.013797989040242,4.03346967730905,0.000742888714427181,-1.56883583772943,0.00635953938677147,0.0288807763945724,-0.0027410943786208,0.0280467359742176,0.000204080540953555,0.00177377010647456
62,1.22,1,7.25899674573354e-15,0.336650779879139,0.0078109021049305,0.377695586223022,0.336636642600868,0.00769036104794683,0.285124963237541,1.41372782714866e-05,0.00012054105698367,0.0925706229854817,1.41770772899008e-09,491.263516543742,38.4200827056723,35.9278940239643,2,0,2,0,pinocchio,0,5.24724698982324,0,0,5.24724698982324,0,0,8.73648345625814,0,0,8.73648345625814,0,0,5.00000000141771,1,0,5.00000000141771,1,0,8.58739895166743,0,0,8.58739895166743,0,0,0.0501088261117156,4.07210597603571,-1.57991729432766,0.0292325853159203,0.0275100383213019,0.00179027322944717,5.24724698982324,5.24724698982324,5.24724698982324,5.24724698982324,8.73648345625814,8.73648345625814,8.73648345625814,8.73648345625814,5.00000000141771,5.00000000141771,5.00000000141771,5.00000000141771,8.58739895166743,8.58739895166743,8.58739895166743,8.58739895166743,0.0473561438810393,0.0501088261117156,-0.0136833751498671,4.07210597603571,0.00075912024195901,-1.57991729432766,0.00630194620720914,0.0292325853159203,-0.00273976023117939,0.0275100383213019,0.000199779322151983,0.00179027322944717
63,1.24,1,7.12561291903521e-15,0.336657180735063,0.00779483897376437,0.379742467945076,0.336636642600868,0.00769036104794683,0.285124963237541,2.05381341951139e-05,0.000104477925817539,0.0946175047075357,2.06518002698886e-09,491.306091529179,38.409036929983,35.8892346121021,2,0,2,0,pinocchio,0,5.21237281457387,0,0,5.21237281457387,0,0,8.69390847082133,0,0,8.69390847082133,0,0,5.00000000206518,1,0,5.00000000206518,1,0,8.52699895005373,0,0,8.52699895005373,0,0,0.0507989868947194,4.11076538789793,-1.59096307001703,0.0295905874603501,0.0269838345841449,0.00180643168650114,5.21237281457387,5.21237281457387,5.21237281457387,5.21237281457387,8.69390847082133,8.69390847082133,8.69390847082133,8.69390847082133,5.00000000206518,5.00000000206518,5.00000000206518,5.00000000206518,8.52699895005373,8.52699895005373,8.52699895005373,8.52699895005373,0.0472831371474385,0.0507989868947194,-0.0135153579290304,4.11076538789793,0.000765513417931629,-1.59096307001703,0.00622728353000213,0.0295905874603501,-0.00272991046544746,0.0269838345841449,0.000194966925825213,0.00180643168650114
64,1.26,1,9.43854960252276e-15,0.336662708919678,0.00777929352905882,0.381810765824055,0.336636642600868,0.00769036104794683,0.285124963237541,2.60663188096921e-05,8.89324811119835e-05,0.0966858025865147,3.15746717660659e-09,491.346963256967,38.3980290939961,35.8505579594006,2,0,2,0,pinocchio,0,5.17762189236496,0,0,5.17762189236496,0,0,8.6530367430326,0,0,8.6530367430326,0,0,5.00000000315747,1,0,5.00000000315747,1,0,8.46872240831724,0,0,8.46872240831724,0,0,0.0513471923003622,4.14944204059941,-1.60197090600388,0.0299546588059315,0.0264686436471594,0.0018222597001671,5.17762189236496,5.17762189236496,5.17762189236496,5.17762189236496,8.6530367430326,8.6530367430326,8.6530367430326,8.6530367430326,5.00000000315747,5.00000000315747,5.00000000315747,5.00000000315747,8.46872240831724,8.46872240831724,8.46872240831724,8.46872240831724,0.047069554025569,0.0513471923003622,-0.0132970446454763,4.14944204059941,0.000763105863576641,-1.60197090600388,0.00613566486402561,0.0299546588059315,-0.00271145638333081,0.0264686436471594,0.000189663706827048,0.0018222597001671
65,1.28,1,7.4837509149146e-15,0.336667521274075,0.00776422355131606,0.383900304174663,0.336636642600868,0.00769036104794683,0.285124963237541,3.08786732072241e-05,7.38625033692222e-05,0.0987753409371223,4.99363217443261e-09,491.385974110326,38.3870615491212,35.8118702541233,2,0,2,0,pinocchio,0,5.14297444845487,0,0,5.14297444845487,0,0,8.61402588967401,0,0,8.61402588967401,0,0,5.00000000499363,1,0,5.00000000499363,1,0,8.41272484384844,0,0,8.41272484384844,0,0,0.0517483430252827,4.18812974587671,-1.6129384508788,0.0303245882333706,0.025964965932825,0.00183777082733417,5.14297444845487,5.14297444845487,5.14297444845487,5.14297444845487,8.61402588967401,8.61402588967401,8.61402588967401,8.61402588967401,5.00000000499363,5.00000000499363,5.00000000499363,5.00000000499363,8.41272484384844,8.41272484384844,8.41272484384844,8.41272484384844,0.0467126013943826,0.0517483430252827,-0.0130312371949373,4.18812974587671,0.00075282579705771,-1.6129384508788,0.00602721831911879,0.0303245882333706,-0.0026843225318629,0.025964965932825,0.000183890774948736,0.00183777082733417
66,1.3,1,6.71899476604256e-15,0.336671755944944,0.00774959627715961,0.386010881742382,0.336636642600868,0.00769036104794683,0.285124963237541,3.51133440757989e-05,5.92352292127785e-05,0.100885918504842,7.95393084729312e-09,491.422987465063,38.3761367557598,35.7731780500945,2,0,2,0,pinocchio,0,5.10840841049865,0,0,5.10840841049865,0,0,8.57701253493652,0,0,8.57701253493652,0,0,5.00000000795393,1,0,5.00000000795393,1,0,8.35913774629138,0,0,8.35913774629138,0,0,0.0519974189154546,4.22682194990549,-1.62386324424016,0.0307000767009043,0.025473281395817,0.00185297789756113,5.10840841049865,5.10840841049865,5.10840841049865,5.10840841049865,8.57701253493652,8.57701253493652,8.57701253493652,8.57701253493652,5.00000000795393,5.00000000795393,5.00000000795393,5.00000000795393,8.35913774629138,8.35913774629138,8.35913774629138,8.35913774629138,0.0462095840734094,0.0519974189154546,-0.012720526028339,4.22682194990549,0.000735527692107496,-1.62386324424016,0.00590208469632358,0.0307000767009043,-0.00264844704445721,0.025473281395817,0.000177669866140207,0.00185297789756113
67,1.32,1,1.05225741535821e-14,0.336675534219369,0.00773538713490268,0.388142272353537,0.336636642600868,0.00769036104794683,0.285124963237541,3.88916185005694e-05,4.50260869558419e-05,0.103017309115997,1.18613305843951e-08,491.457888712394,38.3652572933905,35.7344883019808,2,0,2,0,pinocchio,0,5.07389958726554,0,0,5.07389958726554,0,0,8.54211128760615,0,0,8.54211128760615,0,0,5.00000001186133,1,0,5.00000001186133,1,0,8.30806770445996,0,0,8.30806770445996,0,0,0.052089492981854,4.26551169801923,-1.6347427066095,0.0310807377280505,0.0249940472119731,0.00186789299204279,5.07389958726554,5.07389958726554,5.07389958726554,5.07389958726554,8.54211128760615,8.54211128760615,8.54211128760615,8.54211128760615,5.00000001186133,5.00000001186133,5.00000001186133,5.00000001186133,8.30806770445996,8.30806770445996,8.30806770445996,8.30806770445996,0.0455579144199945,0.052089492981854,-0.0123673707201277,4.26551169801923,0.000712022057300032,-1.6347427066095,0.00576041656795212,0.0310807377280505,-0.00260378232108849,0.0249940472119731,0.00017102324644469,0.00186789299204279
68,1.34,1,7.2658816690743e-15,0.336678962119777,0.0077215786255085,0.390294225699277,0.336636642600868,0.00769036104794683,0.285124963237541,4.23195189093728e-05,3.12175775616652e-05,0.105169262461737,9.78314051991447e-09,491.490586093254,38.3544258670269,35.695808392799,2,0,2,0,pinocchio,0,5.03942191335301,0,0,5.03942191335301,0,0,8.50941390674615,0,0,8.50941390674615,0,0,5.00000000978314,1,0,5.00000000978314,1,0,8.25959574720383,0,0,8.25959574720383,0,0,0.0520197522085791,4.30419160720105,-1.6455741329731,0.0314660991608203,0.024527695167365,0.00188252745701696,5.03942191335301,5.03942191335301,5.03942191335301,5.03942191335301,8.50941390674615,8.50941390674615,8.50941390674615,8.50941390674615,5.00000000978314,5.00000000978314,5.00000000978314,5.00000000978314,8.25959574720383,8.25959574720383,8.25959574720383,8.25959574720383,0.0447551285880294,0.0520197522085791,-0.0119741741615655,4.30419160720105,0.000683102071285191,-1.6455741329731,0.005602378281516,0.0314660991608203,-0.00255029605534673,0.024527695167365,0.000163973642450799,0.00188252745701696
69,1.36,1,5.01171658061967e-15,0.336682131798179,0.00770815932962376,0.392466468279366,0.336636642600868,0.00769036104794683,0.285124963237541,4.5489197310622e-05,1.77982816769312e-05,0.107341505041825,7.27951032786223e-12,491.521011336608,38.3436453115147,35.657146156977,2,0,2,0,pinocchio,0,5.00494776409074,0,0,5.00494776409074,0,0,8.47898866339236,0,0,8.47898866339236,0,0,5.00000000000728,1,0,5.00000000000728,1,0,8.21377688891268,0,0,8.21377688891268,0,0,0.0517835253272631,4.34285384302303,-1.65635468848527,0.0318556061604172,0.0240746288163836,0.00189689194766551,5.00494776409074,5.00494776409074,5.00494776409074,5.00494776409074,8.47898866339236,8.47898866339236,8.47898866339236,8.47898866339236,5.00000000000728,5.00000000000728,5.00000000000728,5.00000000000728,8.21377688891268,8.21377688891268,8.21377688891268,8.21377688891268,0.0437989094695581,0.0517835253272631,-0.0115433541220042,4.34285384302303,0.000649568596408301,-1.65635468848527,0.00542814679110393,0.0318556061604172,-0.00248797255311217,0.0240746288163836,0.000156544194361175,0.00189689194766551
70,1.38,1,6.44233047759185e-15,0.336685122759767,0.00769512302330139,0.394658704530824,0.336636642600868,0.00769036104794683,0.285124963237541,4.84801588989114e-05,4.76197535455997e-06,0.109533741293283,2.84119394677873e-11,491.551014589695,38.3304304521072,35.6122743953425,2,0,2,0,pinocchio,0,5.00000000002841,1,0,5.00000000002841,1,0,8.4489854103048,0,0,8.4489854103048,0,0,5.02025581407097,0,0,5.02025581407097,0,0,8.17260868252358,0,0,8.17260868252358,0,0,0.0517823553566201,4.38772560465748,-1.66956954789279,0.032376391950142,0.0235871679194428,0.00191514018927005,5.00000000002841,5.00000000002841,5.00000000002841,5.00000000002841,8.4489854103048,8.4489854103048,8.4489854103048,8.4489854103048,5.02025581407097,5.02025581407097,5.02025581407097,5.02025581407097,8.17260868252358,8.17260868252358,8.17260868252358,8.17260868252358,0.043093153978667,0.0517823553566201,-0.00484190896391823,4.38772560465748,-0.00187588793671978,-1.66956954789279,0.00536567981321667,0.032376391950142,-0.00246486684687852,0.0235871679194428,0.000152902118522036,0.00191514018927005
71,1.4,1,1.00249287994118e-14,0.33668802224666,0.00768244493177238,0.396868007199126,0.336636642600868,0.00769036104794683,0.285124963237541,5.137964579216e-05,-7.91611617445565e-06,0.111743043961586,1.50546242139171e-12,491.577379287281,38.3181336587405,35.5696035352459,2,0,2,0,pinocchio,0,5.00000000000151,1,0,5.00000000000151,1,0,8.42262071271868,0,0,8.42262071271868,0,0,5.04896515377561,0,0,5.04896515377561,0,0,8.13250419685734,0,0,8.13250419685734,0,0,0.0514599624711373,4.4303964647541,-1.68186634125954,0.0328567659945576,0.023134507760445,0.00193185324312746,5.00000000000151,5.00000000000151,5.00000000000151,5.00000000000151,8.42262071271868,8.42262071271868,8.42262071271868,8.42262071271868,5.04896515377561,5.04896515377561,5.04896515377561,5.04896515377561,8.13250419685734,8.13250419685734,8.13250419685734,8.13250419685734,0.0420847241305253,0.0514599624711373,-0.000226079189282302,4.4303964647541,-0.00355184902494443,-1.68186634125954,0.00524508877660423,0.0328567659945576,-0.00241257056931232,0.023134507760445,0.000147679766797637,0.00193185324312746
72,1.42,1,1.02120934704399e-14,0.336690884155188,0.00767012975075803,0.399092237006249,0.336636642600868,0.00769036104794683,0.285124963237541,5.42415543197672e-05,-2.02312971888038e-05,0.113967273768709,6.98911151175707e-10,491.600409382224,38.3066822521678,35.5289763876827,2,0,2,0,pinocchio,0,5.00000000069891,1,0,5.00000000069891,1,0,8.39959061777621,0,0,8.39959061777621,0,0,5.08060581945082,0,0,5.08060581945082,0,0,8.09375496088447,0,0,8.09375496088447,0,0,0.0508434609350587,4.47102361231731,-1.69331774783218,0.0333006124620254,0.0227114071887839,0.00194707429092424,5.00000000069891,5.00000000069891,5.00000000069891,5.00000000069891,8.39959061777621,8.39959061777621,8.39959061777621,8.39959061777621,5.08060581945082,5.08060581945082,5.08060581945082,5.08060581945082,8.09375496088447,8.09375496088447,8.09375496088447,8.09375496088447,0.0408055876837707,0.0508434609350587,0.00249955742207675,4.47102361231731,-0.00446333888746153,-1.69331774783218,0.00507195927121273,0.0333006124620254,-0.00233649770073185,0.0227114071887839,0.000140951085484176,0.00194707429092424
73,1.44,1,7.24602067058317e-15,0.336693742940557,0.00765819908672567,0.401329997918254,0.336636642600868,0.00769036104794683,0.285124963237541,5.71003396893088e-05,-3.2161961221161e-05,0.116205034680713,8.02575783609427e-11,491.620479613778,38.2958163766116,35.4897530772416,2,0,2,0,pinocchio,0,5.00000000008026,1,0,5.00000000008026,1,0,8.37952038622197,0,0,8.37952038622197,0,0,5.11408493268063,0,0,5.11408493268063,0,0,8.05669969843924,0,0,8.05669969843924,0,0,0.049977620980901,4.51024692275836,-1.70418362338844,0.0337205116622213,0.0223112070904731,0.0019612027403765,5.00000000008026,5.00000000008026,5.00000000008026,5.00000000008026,8.37952038622197,8.37952038622197,8.37952038622197,8.37952038622197,5.11408493268063,5.11408493268063,5.11408493268063,5.11408493268063,8.05669969843924,8.05669969843924,8.05669969843924,8.05669969843924,0.0393036002592382,0.049977620980901,0.00399813265678972,4.51024692275836,-0.00487814847351586,-1.70418362338844,0.0048602080999558,0.0337205116622213,-0.00224347995883534,0.0223112070904731,0.000133137326791655,0.0019612027403765
74,1.46,1,8.33667425338347e-15,0.33669662271459,0.00764667943463745,0.403580387141897,0.336636642600868,0.00769036104794683,0.285124963237541,5.99801137221023e-05,-4.36816133093862e-05,0.118455423904356,1.40111922064534e-10,491.637873157351,38.285360302925,35.4514963079902,2,0,2,0,pinocchio,0,5.00000000014011,1,0,5.00000000014011,1,0,8.36212684264856,0,0,8.36212684264856,0,0,5.14871399876862,0,0,5.14871399876862,0,0,8.02154958605376,0,0,8.02154958605376,0,0,0.0488841365331145,4.54850369200984,-1.71463969707498,0.0341239818000809,0.0219303081865548,0.00197451580017097,5.00000000014011,5.00000000014011,5.00000000014011,5.00000000014011,8.36212684264856,8.36212684264856,8.36212684264856,8.36212684264856,5.14871399876862,5.14871399876862,5.14871399876862,5.14871399876862,8.02154958605376,8.02154958605376,8.02154958605376,8.02154958605376,0.0376025143039271,0.0488841365331145,0.00472042222325086,4.54850369200984,-0.00497670139268536,-1.71463969707498,0.00461851553046699,0.0341239818000809,-0.0021373207560913,0.0219303081865548,0.000124532914490771,0.00197451580017097
75,1.48,1,6.58982111477569e-15,0.336699541720434,0.00763559622142834,0.405842823266395,0.336636642600868,0.00769036104794683,0.285124963237541,6.28991195655293e-05,-5.47648265184983e-05,0.120717860028854,2.31564989405797e-10,491.652808792918,38.2751999715303,35.4139199609908,2,0,2,0,pinocchio,0,5.00000000023156,1,0,5.00000000023156,1,0,8.34719120708198,0,0,8.34719120708198,0,0,5.18407583025425,0,0,5.18407583025425,0,0,7.98840832430168,0,0,7.98840832430168,0,0,0.0475724902266447,4.58608003900919,-1.72480002846967,0.0345152577433138,0.0215668367681277,0.00198720003635735,5.00000000023156,5.00000000023156,5.00000000023156,5.00000000023156,8.34719120708198,8.34719120708198,8.34719120708198,8.34719120708198,5.18407583025425,5.18407583025425,5.18407583025425,5.18407583025425,7.98840832430168,7.98840832430168,7.98840832430168,7.98840832430168,0.0357134196263118,0.0475724902266447,0.00495986044457908,4.58608003900919,-0.00487570243496549,-1.72480002846967,0.00435222834659044,0.0345152577433138,-0.00202011186258488,0.0215668367681277,0.000115339122970681,0.00198720003635735
76,1.5,1,1.05652156449195e-14,0.336702514292847,0.00762497139975178,0.40811693350145,0.336636642600868,0.00769036104794683,0.285124963237541,6.58716919792468e-05,-6.53896481950522e-05,0.122991970263909,3.82256004627379e-10,491.665470174272,38.2652609560714,35.3768361361832,2,0,2,0,pinocchio,0,5.00000000038226,1,0,5.00000000038226,1,0,8.33452982572805,0,0,8.33452982572805,0,0,5.21991709119633,0,0,5.21991709119633,0,0,7.95729850013266,0,0,7.95729850013266,0,0,0.0460464987453026,4.62316386381682,-1.73473904392858,0.0348966488888072,0.0212198074185476,0.00199938342019146,5.00000000038226,5.00000000038226,5.00000000038226,5.00000000038226,8.33452982572805,8.33452982572805,8.33452982572805,8.33452982572805,5.21991709119633,5.21991709119633,5.21991709119633,5.21991709119633,7.95729850013266,7.95729850013266,7.95729850013266,7.95729850013266,0.0336415696981192,0.0460464987453026,0.00490781613776647,4.62316386381682,-0.00465094128294652,-1.73473904392858,0.00406478106629038,0.0348966488888072,-0.00189305842665988,0.0212198074185476,0.00010569730483212,0.00199938342019146
77,1.52,1,4.937607556225e-15,0.336705551540225,0.00761482284054366,0.410402479522332,0.336636642600868,0.00769036104794683,0.285124963237541,6.89089393566267e-05,-7.5538207403178e-05,0.125277516284792,6.33489705137436e-10,491.676025787564,38.2554942429852,35.3401205014538,2,0,2,0,pinocchio,0,5.00000000063349,1,0,5.00000000063349,1,0,8.32397421243598,0,0,8.32397421243598,0,0,5.25608320809122,0,0,5.25608320809122,0,0,7.9281805980582,0,0,7.9281805980582,0,0,0.0443076017363191,4.65987949854618,-1.74450575701479,0.0352693242080791,0.0208886803406328,0.00201115624450586,5.00000000063349,5.00000000063349,5.00000000063349,5.00000000063349,8.32397421243598,8.32397421243598,8.32397421243598,8.32397421243598,5.25608320809122,5.25608320809122,5.25608320809122,5.25608320809122,7.9281805980582,7.9281805980582,7.9281805980582,7.9281805980582,0.0313897980937909,0.0443076017363191,0.00468972501373344,4.65987949854618,-0.00435199633607652,-1.74450575701479,0.00375851143528649,0.0352693242080791,-0.00175691408158229,0.0208886803406328,9.57104592487212e-05,0.00201115624450586
78,1.54,1,6.27518473207413e-15,0.336708661438652,0.00760516455909884,0.412699308432859,0.336636642600868,0.00769036104794683,0.285124963237541,7.20188377836828e-05,-8.51964888479891e-05,0.127574345195319,1.04177200199729e-09,491.684642057329,38.2458670980724,35.3036898018002,2,0,2,0,pinocchio,0,5.00000000104177,1,0,5.00000000104177,1,0,8.31535794267106,0,0,8.31535794267106,0,0,5.29247862138738,0,0,5.29247862138738,0,0,7.90096647266597,0,0,7.90096647266597,0,0,0.042356504851292,4.69631019819982,-1.75413290192765,0.0356337724939691,0.0205731270401935,0.00202258471488562,5.00000000104177,5.00000000104177,5.00000000104177,5.00000000104177,8.31535794267106,8.31535794267106,8.31535794267106,8.31535794267106,5.29247862138738,5.29247862138738,5.29247862138738,5.29247862138738,7.90096647266597,7.90096647266597,7.90096647266597,7.90096647266597,0.0289602129291779,0.042356504851292,0.00438852591948091,4.69631019819982,-0.00401167152060822,-1.75413290192765,0.00343513354989256,0.0356337724939691,-0.00161221063098793,0.0205731270401935,8.54571665129811e-05,0.00202258471488562
79,1.56,1,7.03322122130703e-15,0.336711848711947,0.00759600726334922,0.415007320024468,0.336636642600868,0.00769036104794683,0.285124963237541,7.52061110789737e-05,-9.4353784597611e-05,0.129882356786928,1.67363367609141e-09,491.69149158088,38.236357224227,35.2674873585132,2,0,2,0,pinocchio,0,5.00000000167363,1,0,5.00000000167363,1,0,8.30850841912022,0,0,8.30850841912022,0,0,5.32904231059993,0,0,5.32904231059993,0,0,7.87552891294736,0,0,7.87552891294736,0,0,0.0401940013174501,4.73251264148678,-1.76364277577299,0.0359900767429273,0.0202729059032249,0.00203371975323888,5.00000000167363,5.00000000167363,5.00000000167363,5.00000000167363,8.30850841912022,8.30850841912022,8.30850841912022,8.30850841912022,5.32904231059993,5.32904231059993,5.32904231059993,5.32904231059993,7.87552891294736,7.87552891294736,7.87552891294736,7.87552891294736,0.0263550334070786,0.0401940013174501,0.00405976417781773,4.73251264148678,-0.00365202803246945,-1.76364277577299,0.00309601570777573,0.0359900767429273,-0.00145937970831511,0.0202729059032249,7.50005535792297e-05,0.00203371975323888
80,1.58,1,7.44114810764543e-15,0.336715114686817,0.00758735896742845,0.417326444595536,0.336636642600868,0.00769036104794683,0.285124963237541,7.84720859489108e-05,-0.000103002080518382,0.132201481357996,2.59049226514207e-09,491.696757962446,38.2269490384767,35.2314737750303,2,0,2,0,pinocchio,0,5.00000000259049,1,0,5.00000000259049,1,0,8.30324203755388,0,0,8.30324203755388,0,0,5.36573260064197,0,0,5.36573260064197,0,0,7.85170858195017,0,0,7.85170858195017,0,0,0.0378213902096739,4.76852622496968,-1.77305096152333,0.0363380811225808,0.0199877957165621,0.00204460268607495,5.00000000259049,5.00000000259049,5.00000000259049,5.00000000259049,8.30324203755388,8.30324203755388,8.30324203755388,8.30324203755388,5.36573260064197,5.36573260064197,5.36573260064197,5.36573260064197,7.85170858195017,7.85170858195017,7.85170858195017,7.85170858195017,0.023577006311271,0.0378213902096739,0.00374126902181615,4.76852622496968,-0.00328822474442347,-1.77305096152333,0.00274234572871279,0.0363380811225808,-0.00129881770357088,0.0199877957165621,6.43940370324003e-05,0.00204460268607495
